genome_name	sgb_id	usgb	study	sample_name	genome_size	n_fifty	number_contigs	completeness	contamination	assigned_species	assigned_genus	assigned_family	assigned_order	assigned_class	assigned_phylum	assigned_kingdom	closest_species	closest_genus	closest_family	closest_order	closest_class	closest_phylum	closest_kingdom	average_distance	sequence_url	annotations_url	uniref_url
AsnicarF_2017__MV_FEI1_t1Q14__bin.10	17248	No	AsnicarF_2017	MV_FEI1_t1Q14	2013732	6532	403	84.65	1.65	Bifidobacterium longum	Bifidobacterium	Bifidobacteriaceae	Bifidobacteriales	Actinobacteria	Actinobacteria	Bacteria	Bifidobacterium longum	Bifidobacterium	Bifidobacteriaceae	Bifidobacteriales	Actinobacteria	Actinobacteria	Bacteria	0.02	https://s3-eu-west-1.amazonaws.com/sgb-genomes/data/genomes/17248/AsnicarF_2017__MV_FEI1_t1Q14__bin.10.fa	https://s3-eu-west-1.amazonaws.com/sgb-genomes/data/eggnog/17248.tsv	https://s3-eu-west-1.amazonaws.com/sgb-genomes/data/uniref/90/17248/AsnicarF_2017__MV_FEI1_t1Q14__bin.10.txt
AsnicarF_2017__MV_FEI1_t1Q14__bin.2	4584	No	AsnicarF_2017	MV_FEI1_t1Q14	1849520	3104	616	64.75	0.88	Ruminococcus gnavus	Blautia	Lachnospiraceae	Clostridiales	Clostridia	Firmicutes	Bacteria	Ruminococcus gnavus	Blautia	Lachnospiraceae	Clostridiales	Clostridia	Firmicutes	Bacteria	0.02	https://s3-eu-west-1.amazonaws.com/sgb-genomes/data/genomes/4584/AsnicarF_2017__MV_FEI1_t1Q14__bin.2.fa	https://s3-eu-west-1.amazonaws.com/sgb-genomes/data/eggnog/4584.tsv	https://s3-eu-west-1.amazonaws.com/sgb-genomes/data/uniref/90/4584/AsnicarF_2017__MV_FEI1_t1Q14__bin.2.txt
AsnicarF_2017__MV_FEI1_t1Q14__bin.4	17256	No	AsnicarF_2017	MV_FEI1_t1Q14	1962642	40866	87	93.89	0.94	Bifidobacterium bifidum	Bifidobacterium	Bifidobacteriaceae	Bifidobacteriales	Actinobacteria	Actinobacteria	Bacteria	Bifidobacterium bifidum	Bifidobacterium	Bifidobacteriaceae	Bifidobacteriales	Actinobacteria	Actinobacteria	Bacteria	0.01	https://s3-eu-west-1.amazonaws.com/sgb-genomes/data/genomes/17256/AsnicarF_2017__MV_FEI1_t1Q14__bin.4.fa	https://s3-eu-west-1.amazonaws.com/sgb-genomes/data/eggnog/17256.tsv	https://s3-eu-west-1.amazonaws.com/sgb-genomes/data/uniref/90/17256/AsnicarF_2017__MV_FEI1_t1Q14__bin.4.txt
AsnicarF_2017__MV_FEI1_t1Q14__bin.6	7962	No	AsnicarF_2017	MV_FEI1_t1Q14	2550005	18894	197	97.75	0.10	Enterococcus faecalis	Enterococcus	Enterococcaceae	Lactobacillales	Bacilli	Firmicutes	Bacteria	Enterococcus faecalis	Enterococcus	Enterococcaceae	Lactobacillales	Bacilli	Firmicutes	Bacteria	0.01	https://s3-eu-west-1.amazonaws.com/sgb-genomes/data/genomes/7962/AsnicarF_2017__MV_FEI1_t1Q14__bin.6.fa	https://s3-eu-west-1.amazonaws.com/sgb-genomes/data/eggnog/7962.tsv	https://s3-eu-west-1.amazonaws.com/sgb-genomes/data/uniref/90/7962/AsnicarF_2017__MV_FEI1_t1Q14__bin.6.txt
AsnicarF_2017__MV_FEI1_t1Q14__bin.8	10068	No	AsnicarF_2017	MV_FEI1_t1Q14	4685619	261276	31	95.68	0.04	Escherichia coli	Escherichia	Enterobacteriaceae	Enterobacterales	Gammaproteobacteria	Proteobacteria	Bacteria	Escherichia coli	Escherichia	Enterobacteriaceae	Enterobacterales	Gammaproteobacteria	Proteobacteria	Bacteria	0.01	https://s3-eu-west-1.amazonaws.com/sgb-genomes/data/genomes/10068/AsnicarF_2017__MV_FEI1_t1Q14__bin.8.fa	https://s3-eu-west-1.amazonaws.com/sgb-genomes/data/eggnog/10068.tsv	https://s3-eu-west-1.amazonaws.com/sgb-genomes/data/uniref/90/10068/AsnicarF_2017__MV_FEI1_t1Q14__bin.8.txt
AsnicarF_2017__MV_FEI1_t1Q14__bin.9	10141	No	AsnicarF_2017	MV_FEI1_t1Q14	3331471	109740	46	78.86	0.33	Enterobacter asburiae	Enterobacter	Enterobacteriaceae	Enterobacterales	Gammaproteobacteria	Proteobacteria	Bacteria	Enterobacter asburiae	Enterobacter	Enterobacteriaceae	Enterobacterales	Gammaproteobacteria	Proteobacteria	Bacteria	0.02	https://s3-eu-west-1.amazonaws.com/sgb-genomes/data/genomes/10141/AsnicarF_2017__MV_FEI1_t1Q14__bin.9.fa	https://s3-eu-west-1.amazonaws.com/sgb-genomes/data/eggnog/10141.tsv	https://s3-eu-west-1.amazonaws.com/sgb-genomes/data/uniref/90/10141/AsnicarF_2017__MV_FEI1_t1Q14__bin.9.txt
AsnicarF_2017__MV_FEI2_t1Q14__bin.3	17256	No	AsnicarF_2017	MV_FEI2_t1Q14	1809890	29584	102	84.75	1.38	Bifidobacterium bifidum	Bifidobacterium	Bifidobacteriaceae	Bifidobacteriales	Actinobacteria	Actinobacteria	Bacteria	Bifidobacterium bifidum	Bifidobacterium	Bifidobacteriaceae	Bifidobacteriales	Actinobacteria	Actinobacteria	Bacteria	0.01	https://s3-eu-west-1.amazonaws.com/sgb-genomes/data/genomes/17256/AsnicarF_2017__MV_FEI2_t1Q14__bin.3.fa	https://s3-eu-west-1.amazonaws.com/sgb-genomes/data/eggnog/17256.tsv	https://s3-eu-west-1.amazonaws.com/sgb-genomes/data/uniref/90/17256/AsnicarF_2017__MV_FEI2_t1Q14__bin.3.txt
AsnicarF_2017__MV_FEI2_t1Q14__bin.9	6923	No	AsnicarF_2017	MV_FEI2_t1Q14	1376803	156688	14	77.59	0.00	Veillonella seminalis	Veillonella	Veillonellaceae	Veillonellales	Negativicutes	Firmicutes	Bacteria	Veillonella seminalis	Veillonella	Veillonellaceae	Veillonellales	Negativicutes	Firmicutes	Bacteria	0.01	https://s3-eu-west-1.amazonaws.com/sgb-genomes/data/genomes/6923/AsnicarF_2017__MV_FEI2_t1Q14__bin.9.fa	https://s3-eu-west-1.amazonaws.com/sgb-genomes/data/eggnog/6923.tsv	https://s3-eu-west-1.amazonaws.com/sgb-genomes/data/uniref/90/6923/AsnicarF_2017__MV_FEI2_t1Q14__bin.9.txt
AsnicarF_2017__MV_FEI3_t1Q14__bin.1	17249	No	AsnicarF_2017	MV_FEI3_t1Q14	1374755	3632	415	58.82	0.40	Bifidobacterium longum	Bifidobacterium	Bifidobacteriaceae	Bifidobacteriales	Actinobacteria	Actinobacteria	Bacteria	Bifidobacterium longum	Bifidobacterium	Bifidobacteriaceae	Bifidobacteriales	Actinobacteria	Actinobacteria	Bacteria	0.02	https://s3-eu-west-1.amazonaws.com/sgb-genomes/data/genomes/17249/AsnicarF_2017__MV_FEI3_t1Q14__bin.1.fa	https://s3-eu-west-1.amazonaws.com/sgb-genomes/data/eggnog/17249.tsv	https://s3-eu-west-1.amazonaws.com/sgb-genomes/data/uniref/90/17249/AsnicarF_2017__MV_FEI3_t1Q14__bin.1.txt
AsnicarF_2017__MV_FEI3_t1Q14__bin.3	10083	No	AsnicarF_2017	MV_FEI3_t1Q14	4556033	32566	247	50.86	0.00	Citrobacter freundii	Citrobacter	Enterobacteriaceae	Enterobacterales	Gammaproteobacteria	Proteobacteria	Bacteria	Citrobacter freundii	Citrobacter	Enterobacteriaceae	Enterobacterales	Gammaproteobacteria	Proteobacteria	Bacteria	0.01	https://s3-eu-west-1.amazonaws.com/sgb-genomes/data/genomes/10083/AsnicarF_2017__MV_FEI3_t1Q14__bin.3.fa	https://s3-eu-west-1.amazonaws.com/sgb-genomes/data/eggnog/10083.tsv	https://s3-eu-west-1.amazonaws.com/sgb-genomes/data/uniref/90/10083/AsnicarF_2017__MV_FEI3_t1Q14__bin.3.txt
AsnicarF_2017__MV_FEI3_t1Q14__bin.4	7962	No	AsnicarF_2017	MV_FEI3_t1Q14	2824450	71074	67	99.63	0.00	Enterococcus faecalis	Enterococcus	Enterococcaceae	Lactobacillales	Bacilli	Firmicutes	Bacteria	Enterococcus faecalis	Enterococcus	Enterococcaceae	Lactobacillales	Bacilli	Firmicutes	Bacteria	0.01	https://s3-eu-west-1.amazonaws.com/sgb-genomes/data/genomes/7962/AsnicarF_2017__MV_FEI3_t1Q14__bin.4.fa	https://s3-eu-west-1.amazonaws.com/sgb-genomes/data/eggnog/7962.tsv	https://s3-eu-west-1.amazonaws.com/sgb-genomes/data/uniref/90/7962/AsnicarF_2017__MV_FEI3_t1Q14__bin.4.txt
AsnicarF_2017__MV_FEI3_t1Q14__bin.6	10068	No	AsnicarF_2017	MV_FEI3_t1Q14	3565399	89378	63	77.59	0.00	Escherichia coli	Escherichia	Enterobacteriaceae	Enterobacterales	Gammaproteobacteria	Proteobacteria	Bacteria	Escherichia coli	Escherichia	Enterobacteriaceae	Enterobacterales	Gammaproteobacteria	Proteobacteria	Bacteria	0.01	https://s3-eu-west-1.amazonaws.com/sgb-genomes/data/genomes/10068/AsnicarF_2017__MV_FEI3_t1Q14__bin.6.fa	https://s3-eu-west-1.amazonaws.com/sgb-genomes/data/eggnog/10068.tsv	https://s3-eu-west-1.amazonaws.com/sgb-genomes/data/uniref/90/10068/AsnicarF_2017__MV_FEI3_t1Q14__bin.6.txt
AsnicarF_2017__MV_FEI4_t1Q14__bin.1	6939	No	AsnicarF_2017	MV_FEI4_t1Q14	1572509	4957	370	87.31	0.20	Veillonella parvula	Veillonella	Veillonellaceae	Veillonellales	Negativicutes	Firmicutes	Bacteria	Veillonella parvula	Veillonella	Veillonellaceae	Veillonellales	Negativicutes	Firmicutes	Bacteria	0.03	https://s3-eu-west-1.amazonaws.com/sgb-genomes/data/genomes/6939/AsnicarF_2017__MV_FEI4_t1Q14__bin.1.fa	https://s3-eu-west-1.amazonaws.com/sgb-genomes/data/eggnog/6939.tsv	https://s3-eu-west-1.amazonaws.com/sgb-genomes/data/uniref/90/6939/AsnicarF_2017__MV_FEI4_t1Q14__bin.1.txt
AsnicarF_2017__MV_FEI4_t1Q14__bin.2	17247	No	AsnicarF_2017	MV_FEI4_t1Q14	2166135	55961	66	99.77	0.46	Bifidobacterium breve	Bifidobacterium	Bifidobacteriaceae	Bifidobacteriales	Actinobacteria	Actinobacteria	Bacteria	Bifidobacterium breve	Bifidobacterium	Bifidobacteriaceae	Bifidobacteriales	Actinobacteria	Actinobacteria	Bacteria	0.01	https://s3-eu-west-1.amazonaws.com/sgb-genomes/data/genomes/17247/AsnicarF_2017__MV_FEI4_t1Q14__bin.2.fa	https://s3-eu-west-1.amazonaws.com/sgb-genomes/data/eggnog/17247.tsv	https://s3-eu-west-1.amazonaws.com/sgb-genomes/data/uniref/90/17247/AsnicarF_2017__MV_FEI4_t1Q14__bin.2.txt
AsnicarF_2017__MV_FEI4_t1Q14__bin.3	8065	Yes	AsnicarF_2017	MV_FEI4_t1Q14	1351219	4495	342	75.23	0.37	N/A	Streptococcus	Streptococcaceae	Lactobacillales	Bacilli	Firmicutes	Bacteria	Streptococcus sp	Streptococcus	Streptococcaceae	Lactobacillales	Bacilli	Firmicutes	Bacteria	0.10	https://s3-eu-west-1.amazonaws.com/sgb-genomes/data/genomes/8065/AsnicarF_2017__MV_FEI4_t1Q14__bin.3.fa	https://s3-eu-west-1.amazonaws.com/sgb-genomes/data/eggnog/8065.tsv	https://s3-eu-west-1.amazonaws.com/sgb-genomes/data/uniref/90/8065/AsnicarF_2017__MV_FEI4_t1Q14__bin.3.txt
AsnicarF_2017__MV_FEI4_t1Q14__bin.4	1814	No	AsnicarF_2017	MV_FEI4_t1Q14	4591752	58724	125	95.51	0.91	Bacteroides vulgatus	Bacteroides	Bacteroidaceae	Bacteroidales	Bacteroidia	Bacteroidetes	Bacteria	Bacteroides vulgatus	Bacteroides	Bacteroidaceae	Bacteroidales	Bacteroidia	Bacteroidetes	Bacteria	0.02	https://s3-eu-west-1.amazonaws.com/sgb-genomes/data/genomes/1814/AsnicarF_2017__MV_FEI4_t1Q14__bin.4.fa	https://s3-eu-west-1.amazonaws.com/sgb-genomes/data/eggnog/1814.tsv	https://s3-eu-west-1.amazonaws.com/sgb-genomes/data/uniref/90/1814/AsnicarF_2017__MV_FEI4_t1Q14__bin.4.txt
AsnicarF_2017__MV_FEI4_t1Q14__bin.5	10068	No	AsnicarF_2017	MV_FEI4_t1Q14	4642432	88083	88	99.07	0.78	Escherichia coli	Escherichia	Enterobacteriaceae	Enterobacterales	Gammaproteobacteria	Proteobacteria	Bacteria	Escherichia coli	Escherichia	Enterobacteriaceae	Enterobacterales	Gammaproteobacteria	Proteobacteria	Bacteria	0.01	https://s3-eu-west-1.amazonaws.com/sgb-genomes/data/genomes/10068/AsnicarF_2017__MV_FEI4_t1Q14__bin.5.fa	https://s3-eu-west-1.amazonaws.com/sgb-genomes/data/eggnog/10068.tsv	https://s3-eu-west-1.amazonaws.com/sgb-genomes/data/uniref/90/10068/AsnicarF_2017__MV_FEI4_t1Q14__bin.5.txt
AsnicarF_2017__MV_FEI4_t2Q15__bin.10	1814	No	AsnicarF_2017	MV_FEI4_t2Q15	3145494	90833	55	55.92	0.00	Bacteroides vulgatus	Bacteroides	Bacteroidaceae	Bacteroidales	Bacteroidia	Bacteroidetes	Bacteria	Bacteroides vulgatus	Bacteroides	Bacteroidaceae	Bacteroidales	Bacteroidia	Bacteroidetes	Bacteria	0.02	https://s3-eu-west-1.amazonaws.com/sgb-genomes/data/genomes/1814/AsnicarF_2017__MV_FEI4_t2Q15__bin.10.fa	https://s3-eu-west-1.amazonaws.com/sgb-genomes/data/eggnog/1814.tsv	https://s3-eu-west-1.amazonaws.com/sgb-genomes/data/uniref/90/1814/AsnicarF_2017__MV_FEI4_t2Q15__bin.10.txt
AsnicarF_2017__MV_FEI4_t2Q15__bin.2	7144	No	AsnicarF_2017	MV_FEI4_t2Q15	2899068	66234	78	99.46	0.00	Lactobacillus rhamnosus	Lactobacillus	Lactobacillaceae	Lactobacillales	Bacilli	Firmicutes	Bacteria	Lactobacillus rhamnosus	Lactobacillus	Lactobacillaceae	Lactobacillales	Bacilli	Firmicutes	Bacteria	0.01	https://s3-eu-west-1.amazonaws.com/sgb-genomes/data/genomes/7144/AsnicarF_2017__MV_FEI4_t2Q15__bin.2.fa	https://s3-eu-west-1.amazonaws.com/sgb-genomes/data/eggnog/7144.tsv	https://s3-eu-west-1.amazonaws.com/sgb-genomes/data/uniref/90/7144/AsnicarF_2017__MV_FEI4_t2Q15__bin.2.txt
AsnicarF_2017__MV_FEI4_t2Q15__bin.3	17256	No	AsnicarF_2017	MV_FEI4_t2Q15	2205803	176487	35	99.26	0.92	Bifidobacterium bifidum	Bifidobacterium	Bifidobacteriaceae	Bifidobacteriales	Actinobacteria	Actinobacteria	Bacteria	Bifidobacterium bifidum	Bifidobacterium	Bifidobacteriaceae	Bifidobacteriales	Actinobacteria	Actinobacteria	Bacteria	0.01	https://s3-eu-west-1.amazonaws.com/sgb-genomes/data/genomes/17256/AsnicarF_2017__MV_FEI4_t2Q15__bin.3.fa	https://s3-eu-west-1.amazonaws.com/sgb-genomes/data/eggnog/17256.tsv	https://s3-eu-west-1.amazonaws.com/sgb-genomes/data/uniref/90/17256/AsnicarF_2017__MV_FEI4_t2Q15__bin.3.txt
AsnicarF_2017__MV_FEI4_t2Q15__bin.5	7168	No	AsnicarF_2017	MV_FEI4_t2Q15	1963554	86665	41	99.38	0.00	Pediococcus acidilactici	Pediococcus	Lactobacillaceae	Lactobacillales	Bacilli	Firmicutes	Bacteria	Pediococcus acidilactici	Pediococcus	Lactobacillaceae	Lactobacillales	Bacilli	Firmicutes	Bacteria	0.01	https://s3-eu-west-1.amazonaws.com/sgb-genomes/data/genomes/7168/AsnicarF_2017__MV_FEI4_t2Q15__bin.5.fa	https://s3-eu-west-1.amazonaws.com/sgb-genomes/data/eggnog/7168.tsv	https://s3-eu-west-1.amazonaws.com/sgb-genomes/data/uniref/90/7168/AsnicarF_2017__MV_FEI4_t2Q15__bin.5.txt
AsnicarF_2017__MV_FEI4_t2Q15__bin.6	10068	No	AsnicarF_2017	MV_FEI4_t2Q15	4569681	13165	496	95.86	2.57	Escherichia coli	Escherichia	Enterobacteriaceae	Enterobacterales	Gammaproteobacteria	Proteobacteria	Bacteria	Escherichia coli	Escherichia	Enterobacteriaceae	Enterobacterales	Gammaproteobacteria	Proteobacteria	Bacteria	0.01	https://s3-eu-west-1.amazonaws.com/sgb-genomes/data/genomes/10068/AsnicarF_2017__MV_FEI4_t2Q15__bin.6.fa	https://s3-eu-west-1.amazonaws.com/sgb-genomes/data/eggnog/10068.tsv	https://s3-eu-west-1.amazonaws.com/sgb-genomes/data/uniref/90/10068/AsnicarF_2017__MV_FEI4_t2Q15__bin.6.txt
AsnicarF_2017__MV_FEI4_t2Q15__bin.8	5868	No	AsnicarF_2017	MV_FEI4_t2Q15	1576036	23678	104	99.10	0.00	Megasphaera micronuciformis	Megasphaera	Veillonellaceae	Veillonellales	Negativicutes	Firmicutes	Bacteria	Megasphaera micronuciformis	Megasphaera	Veillonellaceae	Veillonellales	Negativicutes	Firmicutes	Bacteria	0.02	https://s3-eu-west-1.amazonaws.com/sgb-genomes/data/genomes/5868/AsnicarF_2017__MV_FEI4_t2Q15__bin.8.fa	https://s3-eu-west-1.amazonaws.com/sgb-genomes/data/eggnog/5868.tsv	https://s3-eu-west-1.amazonaws.com/sgb-genomes/data/uniref/90/5868/AsnicarF_2017__MV_FEI4_t2Q15__bin.8.txt
AsnicarF_2017__MV_FEI4_t2Q15__bin.9	7952	No	AsnicarF_2017	MV_FEI4_t2Q15	3238253	22059	259	96.13	0.88	Enterococcus casseliflavus	Enterococcus	Enterococcaceae	Lactobacillales	Bacilli	Firmicutes	Bacteria	Enterococcus casseliflavus	Enterococcus	Enterococcaceae	Lactobacillales	Bacilli	Firmicutes	Bacteria	0.02	https://s3-eu-west-1.amazonaws.com/sgb-genomes/data/genomes/7952/AsnicarF_2017__MV_FEI4_t2Q15__bin.9.fa	https://s3-eu-west-1.amazonaws.com/sgb-genomes/data/eggnog/7952.tsv	https://s3-eu-west-1.amazonaws.com/sgb-genomes/data/uniref/90/7952/AsnicarF_2017__MV_FEI4_t2Q15__bin.9.txt
AsnicarF_2017__MV_FEI5_t1Q14__bin.11	17247	No	AsnicarF_2017	MV_FEI5_t1Q14	1855481	296860	9	81.11	0.00	Bifidobacterium breve	Bifidobacterium	Bifidobacteriaceae	Bifidobacteriales	Actinobacteria	Actinobacteria	Bacteria	Bifidobacterium breve	Bifidobacterium	Bifidobacteriaceae	Bifidobacteriales	Actinobacteria	Actinobacteria	Bacteria	0.01	https://s3-eu-west-1.amazonaws.com/sgb-genomes/data/genomes/17247/AsnicarF_2017__MV_FEI5_t1Q14__bin.11.fa	https://s3-eu-west-1.amazonaws.com/sgb-genomes/data/eggnog/17247.tsv	https://s3-eu-west-1.amazonaws.com/sgb-genomes/data/uniref/90/17247/AsnicarF_2017__MV_FEI5_t1Q14__bin.11.txt
AsnicarF_2017__MV_FEI5_t1Q14__bin.12	6939	No	AsnicarF_2017	MV_FEI5_t1Q14	1823447	74971	36	91.62	0.00	Veillonella parvula	Veillonella	Veillonellaceae	Veillonellales	Negativicutes	Firmicutes	Bacteria	Veillonella parvula	Veillonella	Veillonellaceae	Veillonellales	Negativicutes	Firmicutes	Bacteria	0.03	https://s3-eu-west-1.amazonaws.com/sgb-genomes/data/genomes/6939/AsnicarF_2017__MV_FEI5_t1Q14__bin.12.fa	https://s3-eu-west-1.amazonaws.com/sgb-genomes/data/eggnog/6939.tsv	https://s3-eu-west-1.amazonaws.com/sgb-genomes/data/uniref/90/6939/AsnicarF_2017__MV_FEI5_t1Q14__bin.12.txt
AsnicarF_2017__MV_FEI5_t1Q14__bin.14	15480	No	AsnicarF_2017	MV_FEI5_t1Q14	2135293	31860	87	98.10	0.75	Varibaculum cambriense	Varibaculum	Actinomycetaceae	Actinomycetales	Actinobacteria	Actinobacteria	Bacteria	Varibaculum cambriense	Varibaculum	Actinomycetaceae	Actinomycetales	Actinobacteria	Actinobacteria	Bacteria	0.03	https://s3-eu-west-1.amazonaws.com/sgb-genomes/data/genomes/15480/AsnicarF_2017__MV_FEI5_t1Q14__bin.14.fa	https://s3-eu-west-1.amazonaws.com/sgb-genomes/data/eggnog/15480.tsv	https://s3-eu-west-1.amazonaws.com/sgb-genomes/data/uniref/90/15480/AsnicarF_2017__MV_FEI5_t1Q14__bin.14.txt
AsnicarF_2017__MV_FEI5_t1Q14__bin.2	7038	No	AsnicarF_2017	MV_FEI5_t1Q14	820395	2650	311	53.11	0.39	Lactobacillus gasseri	Lactobacillus	Lactobacillaceae	Lactobacillales	Bacilli	Firmicutes	Bacteria	Lactobacillus gasseri	Lactobacillus	Lactobacillaceae	Lactobacillales	Bacilli	Firmicutes	Bacteria	0.01	https://s3-eu-west-1.amazonaws.com/sgb-genomes/data/genomes/7038/AsnicarF_2017__MV_FEI5_t1Q14__bin.2.fa	https://s3-eu-west-1.amazonaws.com/sgb-genomes/data/eggnog/7038.tsv	https://s3-eu-west-1.amazonaws.com/sgb-genomes/data/uniref/90/7038/AsnicarF_2017__MV_FEI5_t1Q14__bin.2.txt
AsnicarF_2017__MV_FEI5_t1Q14__bin.5	15868	No	AsnicarF_2017	MV_FEI5_t1Q14	2202452	7304	404	89.32	1.42	Actinomyces urogenitalis	Actinomyces	Actinomycetaceae	Actinomycetales	Actinobacteria	Actinobacteria	Bacteria	Actinomyces urogenitalis	Actinomyces	Actinomycetaceae	Actinomycetales	Actinobacteria	Actinobacteria	Bacteria	0.01	https://s3-eu-west-1.amazonaws.com/sgb-genomes/data/genomes/15868/AsnicarF_2017__MV_FEI5_t1Q14__bin.5.fa	https://s3-eu-west-1.amazonaws.com/sgb-genomes/data/eggnog/15868.tsv	https://s3-eu-west-1.amazonaws.com/sgb-genomes/data/uniref/90/15868/AsnicarF_2017__MV_FEI5_t1Q14__bin.5.txt
AsnicarF_2017__MV_FEI5_t1Q14__bin.6	7967	No	AsnicarF_2017	MV_FEI5_t1Q14	2544290	17802	207	99.25	0.37	Enterococcus faecium	Enterococcus	Enterococcaceae	Lactobacillales	Bacilli	Firmicutes	Bacteria	Enterococcus faecium	Enterococcus	Enterococcaceae	Lactobacillales	Bacilli	Firmicutes	Bacteria	0.01	https://s3-eu-west-1.amazonaws.com/sgb-genomes/data/genomes/7967/AsnicarF_2017__MV_FEI5_t1Q14__bin.6.fa	https://s3-eu-west-1.amazonaws.com/sgb-genomes/data/eggnog/7967.tsv	https://s3-eu-west-1.amazonaws.com/sgb-genomes/data/uniref/90/7967/AsnicarF_2017__MV_FEI5_t1Q14__bin.6.txt
AsnicarF_2017__MV_FEI5_t1Q14__bin.7	6744	No	AsnicarF_2017	MV_FEI5_t1Q14	3012782	4596	769	89.31	0.94	Coprobacillus sp	Coprobacillus	Erysipelotrichaceae	Erysipelotrichales	Erysipelotrichia	Firmicutes	Bacteria	Erysipelatoclostridium ramosum	Erysipelatoclostridium	Erysipelotrichaceae	Erysipelotrichales	Erysipelotrichia	Firmicutes	Bacteria	0.01	https://s3-eu-west-1.amazonaws.com/sgb-genomes/data/genomes/6744/AsnicarF_2017__MV_FEI5_t1Q14__bin.7.fa	https://s3-eu-west-1.amazonaws.com/sgb-genomes/data/eggnog/6744.tsv	https://s3-eu-west-1.amazonaws.com/sgb-genomes/data/uniref/90/6744/AsnicarF_2017__MV_FEI5_t1Q14__bin.7.txt
AsnicarF_2017__MV_FEI5_t1Q14__bin.9	2301	No	AsnicarF_2017	MV_FEI5_t1Q14	2684538	8551	417	93.16	1.44	Alistipes finegoldii	Alistipes	Rikenellaceae	Bacteroidales	Bacteroidia	Bacteroidetes	Bacteria	Alistipes finegoldii	Alistipes	Rikenellaceae	Bacteroidales	Bacteroidia	Bacteroidetes	Bacteria	0.02	https://s3-eu-west-1.amazonaws.com/sgb-genomes/data/genomes/2301/AsnicarF_2017__MV_FEI5_t1Q14__bin.9.fa	https://s3-eu-west-1.amazonaws.com/sgb-genomes/data/eggnog/2301.tsv	https://s3-eu-west-1.amazonaws.com/sgb-genomes/data/uniref/90/2301/AsnicarF_2017__MV_FEI5_t1Q14__bin.9.txt
AsnicarF_2017__MV_FEI5_t2Q14__bin.2	9262	No	AsnicarF_2017	MV_FEI5_t2Q14	2650859	86162	66	100.00	0.00	Burkholderiales bacterium	Burkholderiales unclassified	Burkholderiales unclassified	Burkholderiales	Betaproteobacteria	Proteobacteria	Bacteria	Burkholderiales bacterium	Burkholderiales unclassified	Burkholderiales unclassified	Burkholderiales	Betaproteobacteria	Proteobacteria	Bacteria	0.02	https://s3-eu-west-1.amazonaws.com/sgb-genomes/data/genomes/9262/AsnicarF_2017__MV_FEI5_t2Q14__bin.2.fa	https://s3-eu-west-1.amazonaws.com/sgb-genomes/data/eggnog/9262.tsv	https://s3-eu-west-1.amazonaws.com/sgb-genomes/data/uniref/90/9262/AsnicarF_2017__MV_FEI5_t2Q14__bin.2.txt
AsnicarF_2017__MV_FEI5_t2Q14__bin.3	4936	No	AsnicarF_2017	MV_FEI5_t2Q14	2888406	44807	94	95.09	0.48	Roseburia hominis	Roseburia	Lachnospiraceae	Clostridiales	Clostridia	Firmicutes	Bacteria	Roseburia hominis	Roseburia	Lachnospiraceae	Clostridiales	Clostridia	Firmicutes	Bacteria	0.03	https://s3-eu-west-1.amazonaws.com/sgb-genomes/data/genomes/4936/AsnicarF_2017__MV_FEI5_t2Q14__bin.3.fa	https://s3-eu-west-1.amazonaws.com/sgb-genomes/data/eggnog/4936.tsv	https://s3-eu-west-1.amazonaws.com/sgb-genomes/data/uniref/90/4936/AsnicarF_2017__MV_FEI5_t2Q14__bin.3.txt
AsnicarF_2017__MV_FEI5_t2Q14__bin.4	5089	No	AsnicarF_2017	MV_FEI5_t2Q14	1555250	3316	498	51.59	0.00	Eubacterium sp	Eubacterium	Eubacteriaceae	Clostridiales	Clostridia	Firmicutes	Bacteria	Eubacterium sp	Eubacterium	Eubacteriaceae	Clostridiales	Clostridia	Firmicutes	Bacteria	0.02	https://s3-eu-west-1.amazonaws.com/sgb-genomes/data/genomes/5089/AsnicarF_2017__MV_FEI5_t2Q14__bin.4.fa	https://s3-eu-west-1.amazonaws.com/sgb-genomes/data/eggnog/5089.tsv	https://s3-eu-west-1.amazonaws.com/sgb-genomes/data/uniref/90/5089/AsnicarF_2017__MV_FEI5_t2Q14__bin.4.txt
AsnicarF_2017__MV_FEI5_t3Q15__bin.1	4540	No	AsnicarF_2017	MV_FEI5_t3Q15	2514126	9424	362	97.18	1.76	Anaerostipes hadrus	Anaerostipes	Lachnospiraceae	Clostridiales	Clostridia	Firmicutes	Bacteria	Lachnospiraceae bacterium	Lachnospiraceae unclassified	Lachnospiraceae	Clostridiales	Clostridia	Firmicutes	Bacteria	0.02	https://s3-eu-west-1.amazonaws.com/sgb-genomes/data/genomes/4540/AsnicarF_2017__MV_FEI5_t3Q15__bin.1.fa	https://s3-eu-west-1.amazonaws.com/sgb-genomes/data/eggnog/4540.tsv	https://s3-eu-west-1.amazonaws.com/sgb-genomes/data/uniref/90/4540/AsnicarF_2017__MV_FEI5_t3Q15__bin.1.txt
AsnicarF_2017__MV_FEI5_t3Q15__bin.10	17247	No	AsnicarF_2017	MV_FEI5_t3Q15	1369137	14270	144	50.00	1.72	Bifidobacterium breve	Bifidobacterium	Bifidobacteriaceae	Bifidobacteriales	Actinobacteria	Actinobacteria	Bacteria	Bifidobacterium breve	Bifidobacterium	Bifidobacteriaceae	Bifidobacteriales	Actinobacteria	Actinobacteria	Bacteria	0.01	https://s3-eu-west-1.amazonaws.com/sgb-genomes/data/genomes/17247/AsnicarF_2017__MV_FEI5_t3Q15__bin.10.fa	https://s3-eu-west-1.amazonaws.com/sgb-genomes/data/eggnog/17247.tsv	https://s3-eu-west-1.amazonaws.com/sgb-genomes/data/uniref/90/17247/AsnicarF_2017__MV_FEI5_t3Q15__bin.10.txt
AsnicarF_2017__MV_FEI5_t3Q15__bin.12	15333	No	AsnicarF_2017	MV_FEI5_t3Q15	2462480	16070	243	75.88	3.57	Faecalibacterium prausnitzii	Faecalibacterium	Ruminococcaceae	Clostridiales	Clostridia	Firmicutes	Bacteria	Faecalibacterium prausnitzii	Faecalibacterium	Ruminococcaceae	Clostridiales	Clostridia	Firmicutes	Bacteria	0.04	https://s3-eu-west-1.amazonaws.com/sgb-genomes/data/genomes/15333/AsnicarF_2017__MV_FEI5_t3Q15__bin.12.fa	https://s3-eu-west-1.amazonaws.com/sgb-genomes/data/eggnog/15333.tsv	https://s3-eu-west-1.amazonaws.com/sgb-genomes/data/uniref/90/15333/AsnicarF_2017__MV_FEI5_t3Q15__bin.12.txt
AsnicarF_2017__MV_FEI5_t3Q15__bin.13	4874	No	AsnicarF_2017	MV_FEI5_t3Q15	2743595	17357	221	97.20	1.05	Fusicatenibacter saccharivorans	Fusicatenibacter	Lachnospiraceae	Clostridiales	Clostridia	Firmicutes	Bacteria	Blautia sp	Blautia	Lachnospiraceae	Clostridiales	Clostridia	Firmicutes	Bacteria	0.02	https://s3-eu-west-1.amazonaws.com/sgb-genomes/data/genomes/4874/AsnicarF_2017__MV_FEI5_t3Q15__bin.13.fa	https://s3-eu-west-1.amazonaws.com/sgb-genomes/data/eggnog/4874.tsv	https://s3-eu-west-1.amazonaws.com/sgb-genomes/data/uniref/90/4874/AsnicarF_2017__MV_FEI5_t3Q15__bin.13.txt
AsnicarF_2017__MV_FEI5_t3Q15__bin.14	4828	No	AsnicarF_2017	MV_FEI5_t3Q15	2256365	5380	510	64.97	2.91	Blautia sp	Blautia	Lachnospiraceae	Clostridiales	Clostridia	Firmicutes	Bacteria	Ruminococcus sp	Ruminococcus	Ruminococcaceae	Clostridiales	Clostridia	Firmicutes	Bacteria	0.02	https://s3-eu-west-1.amazonaws.com/sgb-genomes/data/genomes/4828/AsnicarF_2017__MV_FEI5_t3Q15__bin.14.fa	https://s3-eu-west-1.amazonaws.com/sgb-genomes/data/eggnog/4828.tsv	https://s3-eu-west-1.amazonaws.com/sgb-genomes/data/uniref/90/4828/AsnicarF_2017__MV_FEI5_t3Q15__bin.14.txt
AsnicarF_2017__MV_FEI5_t3Q15__bin.15	17244	No	AsnicarF_2017	MV_FEI5_t3Q15	1505493	19714	128	71.86	2.82	Bifidobacterium adolescentis	Bifidobacterium	Bifidobacteriaceae	Bifidobacteriales	Actinobacteria	Actinobacteria	Bacteria	Bifidobacterium adolescentis	Bifidobacterium	Bifidobacteriaceae	Bifidobacteriales	Actinobacteria	Actinobacteria	Bacteria	0.02	https://s3-eu-west-1.amazonaws.com/sgb-genomes/data/genomes/17244/AsnicarF_2017__MV_FEI5_t3Q15__bin.15.fa	https://s3-eu-west-1.amazonaws.com/sgb-genomes/data/eggnog/17244.tsv	https://s3-eu-west-1.amazonaws.com/sgb-genomes/data/uniref/90/17244/AsnicarF_2017__MV_FEI5_t3Q15__bin.15.txt
AsnicarF_2017__MV_FEI5_t3Q15__bin.16	17237	No	AsnicarF_2017	MV_FEI5_t3Q15	1863695	20235	151	70.69	1.72	Bifidobacterium pseudocatenulatum	Bifidobacterium	Bifidobacteriaceae	Bifidobacteriales	Actinobacteria	Actinobacteria	Bacteria	Bifidobacterium pseudocatenulatum	Bifidobacterium	Bifidobacteriaceae	Bifidobacteriales	Actinobacteria	Actinobacteria	Bacteria	0.02	https://s3-eu-west-1.amazonaws.com/sgb-genomes/data/genomes/17237/AsnicarF_2017__MV_FEI5_t3Q15__bin.16.fa	https://s3-eu-west-1.amazonaws.com/sgb-genomes/data/eggnog/17237.tsv	https://s3-eu-west-1.amazonaws.com/sgb-genomes/data/uniref/90/17237/AsnicarF_2017__MV_FEI5_t3Q15__bin.16.txt
AsnicarF_2017__MV_FEI5_t3Q15__bin.17	6806	No	AsnicarF_2017	MV_FEI5_t3Q15	2113140	5996	449	92.45	4.48	Holdemanella biformis	Holdemanella	Erysipelotrichaceae	Erysipelotrichales	Erysipelotrichia	Firmicutes	Bacteria	Holdemanella biformis	Holdemanella	Erysipelotrichaceae	Erysipelotrichales	Erysipelotrichia	Firmicutes	Bacteria	0.04	https://s3-eu-west-1.amazonaws.com/sgb-genomes/data/genomes/6806/AsnicarF_2017__MV_FEI5_t3Q15__bin.17.fa	https://s3-eu-west-1.amazonaws.com/sgb-genomes/data/eggnog/6806.tsv	https://s3-eu-west-1.amazonaws.com/sgb-genomes/data/uniref/90/6806/AsnicarF_2017__MV_FEI5_t3Q15__bin.17.txt
AsnicarF_2017__MV_FEI5_t3Q15__bin.2	17256	No	AsnicarF_2017	MV_FEI5_t3Q15	1917678	106163	43	92.47	0.08	Bifidobacterium bifidum	Bifidobacterium	Bifidobacteriaceae	Bifidobacteriales	Actinobacteria	Actinobacteria	Bacteria	Bifidobacterium bifidum	Bifidobacterium	Bifidobacteriaceae	Bifidobacteriales	Actinobacteria	Actinobacteria	Bacteria	0.01	https://s3-eu-west-1.amazonaws.com/sgb-genomes/data/genomes/17256/AsnicarF_2017__MV_FEI5_t3Q15__bin.2.fa	https://s3-eu-west-1.amazonaws.com/sgb-genomes/data/eggnog/17256.tsv	https://s3-eu-west-1.amazonaws.com/sgb-genomes/data/uniref/90/17256/AsnicarF_2017__MV_FEI5_t3Q15__bin.2.txt
AsnicarF_2017__MV_FEI5_t3Q15__bin.20	4285	No	AsnicarF_2017	MV_FEI5_t3Q15	1684420	6507	349	90.44	1.34	Ruminococcus bromii	Ruminococcus	Ruminococcaceae	Clostridiales	Clostridia	Firmicutes	Bacteria	Ruminococcus sp	Ruminococcus	Ruminococcaceae	Clostridiales	Clostridia	Firmicutes	Bacteria	0.02	https://s3-eu-west-1.amazonaws.com/sgb-genomes/data/genomes/4285/AsnicarF_2017__MV_FEI5_t3Q15__bin.20.fa	https://s3-eu-west-1.amazonaws.com/sgb-genomes/data/eggnog/4285.tsv	https://s3-eu-west-1.amazonaws.com/sgb-genomes/data/uniref/90/4285/AsnicarF_2017__MV_FEI5_t3Q15__bin.20.txt
AsnicarF_2017__MV_FEI5_t3Q15__bin.22	15286	Yes	AsnicarF_2017	MV_FEI5_t3Q15	2314654	11357	282	97.05	0.74	N/A	N/A	Ruminococcaceae	Clostridiales	Clostridia	Firmicutes	Bacteria	Gemmiger formicilis	Gemmiger	Ruminococcaceae	Clostridiales	Clostridia	Firmicutes	Bacteria	0.19	https://s3-eu-west-1.amazonaws.com/sgb-genomes/data/genomes/15286/AsnicarF_2017__MV_FEI5_t3Q15__bin.22.fa	https://s3-eu-west-1.amazonaws.com/sgb-genomes/data/eggnog/15286.tsv	https://s3-eu-west-1.amazonaws.com/sgb-genomes/data/uniref/90/15286/AsnicarF_2017__MV_FEI5_t3Q15__bin.22.txt
AsnicarF_2017__MV_FEI5_t3Q15__bin.23	15342	No	AsnicarF_2017	MV_FEI5_t3Q15	1886322	8674	297	66.23	3.57	Faecalibacterium prausnitzii	Faecalibacterium	Ruminococcaceae	Clostridiales	Clostridia	Firmicutes	Bacteria	Faecalibacterium sp	Faecalibacterium	Ruminococcaceae	Clostridiales	Clostridia	Firmicutes	Bacteria	0.03	https://s3-eu-west-1.amazonaws.com/sgb-genomes/data/genomes/15342/AsnicarF_2017__MV_FEI5_t3Q15__bin.23.fa	https://s3-eu-west-1.amazonaws.com/sgb-genomes/data/eggnog/15342.tsv	https://s3-eu-west-1.amazonaws.com/sgb-genomes/data/uniref/90/15342/AsnicarF_2017__MV_FEI5_t3Q15__bin.23.txt
AsnicarF_2017__MV_FEI5_t3Q15__bin.4	5089	No	AsnicarF_2017	MV_FEI5_t3Q15	2050423	4805	497	76.06	0.84	Eubacterium sp	Eubacterium	Eubacteriaceae	Clostridiales	Clostridia	Firmicutes	Bacteria	Eubacterium sp	Eubacterium	Eubacteriaceae	Clostridiales	Clostridia	Firmicutes	Bacteria	0.02	https://s3-eu-west-1.amazonaws.com/sgb-genomes/data/genomes/5089/AsnicarF_2017__MV_FEI5_t3Q15__bin.4.fa	https://s3-eu-west-1.amazonaws.com/sgb-genomes/data/eggnog/5089.tsv	https://s3-eu-west-1.amazonaws.com/sgb-genomes/data/uniref/90/5089/AsnicarF_2017__MV_FEI5_t3Q15__bin.4.txt
AsnicarF_2017__MV_FEI5_t3Q15__bin.6	4844	No	AsnicarF_2017	MV_FEI5_t3Q15	4098441	19812	347	98.87	1.08	Blautia obeum	Blautia	Lachnospiraceae	Clostridiales	Clostridia	Firmicutes	Bacteria	Ruminococcus sp	Ruminococcus	Ruminococcaceae	Clostridiales	Clostridia	Firmicutes	Bacteria	0.03	https://s3-eu-west-1.amazonaws.com/sgb-genomes/data/genomes/4844/AsnicarF_2017__MV_FEI5_t3Q15__bin.6.fa	https://s3-eu-west-1.amazonaws.com/sgb-genomes/data/eggnog/4844.tsv	https://s3-eu-west-1.amazonaws.com/sgb-genomes/data/uniref/90/4844/AsnicarF_2017__MV_FEI5_t3Q15__bin.6.txt
AsnicarF_2017__MV_FEI5_t3Q15__bin.7	8002	No	AsnicarF_2017	MV_FEI5_t3Q15	1356698	5504	295	80.96	1.43	Streptococcus thermophilus	Streptococcus	Streptococcaceae	Lactobacillales	Bacilli	Firmicutes	Bacteria	Streptococcus thermophilus	Streptococcus	Streptococcaceae	Lactobacillales	Bacilli	Firmicutes	Bacteria	0.01	https://s3-eu-west-1.amazonaws.com/sgb-genomes/data/genomes/8002/AsnicarF_2017__MV_FEI5_t3Q15__bin.7.fa	https://s3-eu-west-1.amazonaws.com/sgb-genomes/data/eggnog/8002.tsv	https://s3-eu-west-1.amazonaws.com/sgb-genomes/data/uniref/90/8002/AsnicarF_2017__MV_FEI5_t3Q15__bin.7.txt
AsnicarF_2017__MV_FEI5_t3Q15__bin.8	15316	No	AsnicarF_2017	MV_FEI5_t3Q15	1859962	6495	354	66.23	0.81	Faecalibacterium prausnitzii	Faecalibacterium	Ruminococcaceae	Clostridiales	Clostridia	Firmicutes	Bacteria	Faecalibacterium prausnitzii	Faecalibacterium	Ruminococcaceae	Clostridiales	Clostridia	Firmicutes	Bacteria	0.04	https://s3-eu-west-1.amazonaws.com/sgb-genomes/data/genomes/15316/AsnicarF_2017__MV_FEI5_t3Q15__bin.8.fa	https://s3-eu-west-1.amazonaws.com/sgb-genomes/data/eggnog/15316.tsv	https://s3-eu-west-1.amazonaws.com/sgb-genomes/data/uniref/90/15316/AsnicarF_2017__MV_FEI5_t3Q15__bin.8.txt
AsnicarF_2017__MV_FEM1_t1Q14__bin.1	2318	No	AsnicarF_2017	MV_FEM1_t1Q14	1954245	15610	191	97.36	1.12	Alistipes putredinis	Alistipes	Rikenellaceae	Bacteroidales	Bacteroidia	Bacteroidetes	Bacteria	Alistipes putredinis	Alistipes	Rikenellaceae	Bacteroidales	Bacteroidia	Bacteroidetes	Bacteria	0.01	https://s3-eu-west-1.amazonaws.com/sgb-genomes/data/genomes/2318/AsnicarF_2017__MV_FEM1_t1Q14__bin.1.fa	https://s3-eu-west-1.amazonaws.com/sgb-genomes/data/eggnog/2318.tsv	https://s3-eu-west-1.amazonaws.com/sgb-genomes/data/uniref/90/2318/AsnicarF_2017__MV_FEM1_t1Q14__bin.1.txt
AsnicarF_2017__MV_FEM1_t1Q14__bin.10	15342	No	AsnicarF_2017	MV_FEM1_t1Q14	1269234	3047	437	51.10	0.00	Faecalibacterium prausnitzii	Faecalibacterium	Ruminococcaceae	Clostridiales	Clostridia	Firmicutes	Bacteria	Faecalibacterium sp	Faecalibacterium	Ruminococcaceae	Clostridiales	Clostridia	Firmicutes	Bacteria	0.03	https://s3-eu-west-1.amazonaws.com/sgb-genomes/data/genomes/15342/AsnicarF_2017__MV_FEM1_t1Q14__bin.10.fa	https://s3-eu-west-1.amazonaws.com/sgb-genomes/data/eggnog/15342.tsv	https://s3-eu-west-1.amazonaws.com/sgb-genomes/data/uniref/90/15342/AsnicarF_2017__MV_FEM1_t1Q14__bin.10.txt
AsnicarF_2017__MV_FEM1_t1Q14__bin.12	1644	No	AsnicarF_2017	MV_FEM1_t1Q14	2071048	11276	270	54.64	1.72	Prevotella copri	Prevotella	Prevotellaceae	Bacteroidales	Bacteroidia	Bacteroidetes	Bacteria	Prevotella copri	Prevotella	Prevotellaceae	Bacteroidales	Bacteroidia	Bacteroidetes	Bacteria	0.04	https://s3-eu-west-1.amazonaws.com/sgb-genomes/data/genomes/1644/AsnicarF_2017__MV_FEM1_t1Q14__bin.12.fa	https://s3-eu-west-1.amazonaws.com/sgb-genomes/data/eggnog/1644.tsv	https://s3-eu-west-1.amazonaws.com/sgb-genomes/data/uniref/90/1644/AsnicarF_2017__MV_FEM1_t1Q14__bin.12.txt
AsnicarF_2017__MV_FEM1_t1Q14__bin.15	5767	No	AsnicarF_2017	MV_FEM1_t1Q14	2154272	44298	71	98.80	0.60	Phascolarctobacterium succinatutens	Phascolarctobacterium	Acidaminococcaceae	Acidaminococcales	Negativicutes	Firmicutes	Bacteria	Phascolarctobacterium succinatutens	Phascolarctobacterium	Acidaminococcaceae	Acidaminococcales	Negativicutes	Firmicutes	Bacteria	0.03	https://s3-eu-west-1.amazonaws.com/sgb-genomes/data/genomes/5767/AsnicarF_2017__MV_FEM1_t1Q14__bin.15.fa	https://s3-eu-west-1.amazonaws.com/sgb-genomes/data/eggnog/5767.tsv	https://s3-eu-west-1.amazonaws.com/sgb-genomes/data/uniref/90/5767/AsnicarF_2017__MV_FEM1_t1Q14__bin.15.txt
AsnicarF_2017__MV_FEM1_t1Q14__bin.18	5736	No	AsnicarF_2017	MV_FEM1_t1Q14	2033835	36022	92	100.00	0.00	Acidaminococcus intestini	Acidaminococcus	Acidaminococcaceae	Acidaminococcales	Negativicutes	Firmicutes	Bacteria	Acidaminococcus intestini	Acidaminococcus	Acidaminococcaceae	Acidaminococcales	Negativicutes	Firmicutes	Bacteria	0.01	https://s3-eu-west-1.amazonaws.com/sgb-genomes/data/genomes/5736/AsnicarF_2017__MV_FEM1_t1Q14__bin.18.fa	https://s3-eu-west-1.amazonaws.com/sgb-genomes/data/eggnog/5736.tsv	https://s3-eu-west-1.amazonaws.com/sgb-genomes/data/uniref/90/5736/AsnicarF_2017__MV_FEM1_t1Q14__bin.18.txt
AsnicarF_2017__MV_FEM1_t1Q14__bin.20	1814	No	AsnicarF_2017	MV_FEM1_t1Q14	4895586	12408	617	93.92	3.01	Bacteroides vulgatus	Bacteroides	Bacteroidaceae	Bacteroidales	Bacteroidia	Bacteroidetes	Bacteria	Bacteroides vulgatus	Bacteroides	Bacteroidaceae	Bacteroidales	Bacteroidia	Bacteroidetes	Bacteria	0.02	https://s3-eu-west-1.amazonaws.com/sgb-genomes/data/genomes/1814/AsnicarF_2017__MV_FEM1_t1Q14__bin.20.fa	https://s3-eu-west-1.amazonaws.com/sgb-genomes/data/eggnog/1814.tsv	https://s3-eu-west-1.amazonaws.com/sgb-genomes/data/uniref/90/1814/AsnicarF_2017__MV_FEM1_t1Q14__bin.20.txt
AsnicarF_2017__MV_FEM1_t1Q14__bin.22	4933	No	AsnicarF_2017	MV_FEM1_t1Q14	1538618	5443	339	55.42	0.00	Eubacterium rectale	Lachnospiraceae unclassified	Lachnospiraceae	Clostridiales	Clostridia	Firmicutes	Bacteria	Eubacterium rectale	Eubacterium	Eubacteriaceae	Clostridiales	Clostridia	Firmicutes	Bacteria	0.03	https://s3-eu-west-1.amazonaws.com/sgb-genomes/data/genomes/4933/AsnicarF_2017__MV_FEM1_t1Q14__bin.22.fa	https://s3-eu-west-1.amazonaws.com/sgb-genomes/data/eggnog/4933.tsv	https://s3-eu-west-1.amazonaws.com/sgb-genomes/data/uniref/90/4933/AsnicarF_2017__MV_FEM1_t1Q14__bin.22.txt
AsnicarF_2017__MV_FEM1_t1Q14__bin.4	4367	No	AsnicarF_2017	MV_FEM1_t1Q14	1633337	4072	451	73.59	1.40	Ruminococcus sp	Ruminococcus	Ruminococcaceae	Clostridiales	Clostridia	Firmicutes	Bacteria	Ruminococcus sp	Ruminococcus	Ruminococcaceae	Clostridiales	Clostridia	Firmicutes	Bacteria	0.02	https://s3-eu-west-1.amazonaws.com/sgb-genomes/data/genomes/4367/AsnicarF_2017__MV_FEM1_t1Q14__bin.4.fa	https://s3-eu-west-1.amazonaws.com/sgb-genomes/data/eggnog/4367.tsv	https://s3-eu-west-1.amazonaws.com/sgb-genomes/data/uniref/90/4367/AsnicarF_2017__MV_FEM1_t1Q14__bin.4.txt
AsnicarF_2017__MV_FEM1_t1Q14__bin.6	2230	No	AsnicarF_2017	MV_FEM1_t1Q14	3362941	75204	70	94.60	1.83	Alistipes sp	Alistipes	Rikenellaceae	Bacteroidales	Bacteroidia	Bacteroidetes	Bacteria	Alistipes sp	Alistipes	Rikenellaceae	Bacteroidales	Bacteroidia	Bacteroidetes	Bacteria	0.02	https://s3-eu-west-1.amazonaws.com/sgb-genomes/data/genomes/2230/AsnicarF_2017__MV_FEM1_t1Q14__bin.6.fa	https://s3-eu-west-1.amazonaws.com/sgb-genomes/data/eggnog/2230.tsv	https://s3-eu-west-1.amazonaws.com/sgb-genomes/data/uniref/90/2230/AsnicarF_2017__MV_FEM1_t1Q14__bin.6.txt
AsnicarF_2017__MV_FEM1_t1Q14__bin.8	5111	No	AsnicarF_2017	MV_FEM1_t1Q14	2286287	19207	182	92.07	0.34	Clostridium sp	Clostridium	Clostridiaceae	Clostridiales	Clostridia	Firmicutes	Bacteria	Clostridium sp	Clostridium	Clostridiaceae	Clostridiales	Clostridia	Firmicutes	Bacteria	0.02	https://s3-eu-west-1.amazonaws.com/sgb-genomes/data/genomes/5111/AsnicarF_2017__MV_FEM1_t1Q14__bin.8.fa	https://s3-eu-west-1.amazonaws.com/sgb-genomes/data/eggnog/5111.tsv	https://s3-eu-west-1.amazonaws.com/sgb-genomes/data/uniref/90/5111/AsnicarF_2017__MV_FEM1_t1Q14__bin.8.txt
AsnicarF_2017__MV_FEM1_t1Q14__bin.9	1626	No	AsnicarF_2017	MV_FEM1_t1Q14	1685106	9852	218	58.62	0.00	Prevotella copri	Prevotella	Prevotellaceae	Bacteroidales	Bacteroidia	Bacteroidetes	Bacteria	Prevotella copri	Prevotella	Prevotellaceae	Bacteroidales	Bacteroidia	Bacteroidetes	Bacteria	0.03	https://s3-eu-west-1.amazonaws.com/sgb-genomes/data/genomes/1626/AsnicarF_2017__MV_FEM1_t1Q14__bin.9.fa	https://s3-eu-west-1.amazonaws.com/sgb-genomes/data/eggnog/1626.tsv	https://s3-eu-west-1.amazonaws.com/sgb-genomes/data/uniref/90/1626/AsnicarF_2017__MV_FEM1_t1Q14__bin.9.txt
AsnicarF_2017__MV_FEM2_t1Q14__bin.1	9346	No	AsnicarF_2017	MV_FEM2_t1Q14	1369606	4227	364	85.26	0.00	Azospirillum sp	Azospirillum	Rhodospirillaceae	Rhodospirillales	Alphaproteobacteria	Proteobacteria	Bacteria	Azospirillum sp	Azospirillum	Rhodospirillaceae	Rhodospirillales	Alphaproteobacteria	Proteobacteria	Bacteria	0.02	https://s3-eu-west-1.amazonaws.com/sgb-genomes/data/genomes/9346/AsnicarF_2017__MV_FEM2_t1Q14__bin.1.fa	https://s3-eu-west-1.amazonaws.com/sgb-genomes/data/eggnog/9346.tsv	https://s3-eu-west-1.amazonaws.com/sgb-genomes/data/uniref/90/9346/AsnicarF_2017__MV_FEM2_t1Q14__bin.1.txt
AsnicarF_2017__MV_FEM2_t1Q14__bin.11	2230	No	AsnicarF_2017	MV_FEM2_t1Q14	3336662	72008	85	93.17	2.30	Alistipes sp	Alistipes	Rikenellaceae	Bacteroidales	Bacteroidia	Bacteroidetes	Bacteria	Alistipes sp	Alistipes	Rikenellaceae	Bacteroidales	Bacteroidia	Bacteroidetes	Bacteria	0.02	https://s3-eu-west-1.amazonaws.com/sgb-genomes/data/genomes/2230/AsnicarF_2017__MV_FEM2_t1Q14__bin.11.fa	https://s3-eu-west-1.amazonaws.com/sgb-genomes/data/eggnog/2230.tsv	https://s3-eu-west-1.amazonaws.com/sgb-genomes/data/uniref/90/2230/AsnicarF_2017__MV_FEM2_t1Q14__bin.11.txt
AsnicarF_2017__MV_FEM2_t1Q14__bin.14	15369	No	AsnicarF_2017	MV_FEM2_t1Q14	2965995	30137	141	99.18	1.17	Faecalibacterium sp	Faecalibacterium	Ruminococcaceae	Clostridiales	Clostridia	Firmicutes	Bacteria	Faecalibacterium sp	Faecalibacterium	Ruminococcaceae	Clostridiales	Clostridia	Firmicutes	Bacteria	0.03	https://s3-eu-west-1.amazonaws.com/sgb-genomes/data/genomes/15369/AsnicarF_2017__MV_FEM2_t1Q14__bin.14.fa	https://s3-eu-west-1.amazonaws.com/sgb-genomes/data/eggnog/15369.tsv	https://s3-eu-west-1.amazonaws.com/sgb-genomes/data/uniref/90/15369/AsnicarF_2017__MV_FEM2_t1Q14__bin.14.txt
AsnicarF_2017__MV_FEM2_t1Q14__bin.16	5117	No	AsnicarF_2017	MV_FEM2_t1Q14	2200209	5059	510	78.33	1.45	Coprococcus eutactus	Coprococcus	Lachnospiraceae	Clostridiales	Clostridia	Firmicutes	Bacteria	Coprococcus sp	Coprococcus	Lachnospiraceae	Clostridiales	Clostridia	Firmicutes	Bacteria	0.02	https://s3-eu-west-1.amazonaws.com/sgb-genomes/data/genomes/5117/AsnicarF_2017__MV_FEM2_t1Q14__bin.16.fa	https://s3-eu-west-1.amazonaws.com/sgb-genomes/data/eggnog/5117.tsv	https://s3-eu-west-1.amazonaws.com/sgb-genomes/data/uniref/90/5117/AsnicarF_2017__MV_FEM2_t1Q14__bin.16.txt
AsnicarF_2017__MV_FEM2_t1Q14__bin.17	9223	Yes	AsnicarF_2017	MV_FEM2_t1Q14	2863995	30575	138	94.56	0.00	N/A	Akkermansia	Akkermansiaceae	Verrucomicrobiales	Verrucomicrobiae	Verrucomicrobia	Bacteria	Akkermansia sp	Akkermansia	Akkermansiaceae	Verrucomicrobiales	Verrucomicrobiae	Verrucomicrobia	Bacteria	0.06	https://s3-eu-west-1.amazonaws.com/sgb-genomes/data/genomes/9223/AsnicarF_2017__MV_FEM2_t1Q14__bin.17.fa	https://s3-eu-west-1.amazonaws.com/sgb-genomes/data/eggnog/9223.tsv	https://s3-eu-west-1.amazonaws.com/sgb-genomes/data/uniref/90/9223/AsnicarF_2017__MV_FEM2_t1Q14__bin.17.txt
AsnicarF_2017__MV_FEM2_t1Q14__bin.18	2318	No	AsnicarF_2017	MV_FEM2_t1Q14	1368066	4247	361	56.45	2.18	Alistipes putredinis	Alistipes	Rikenellaceae	Bacteroidales	Bacteroidia	Bacteroidetes	Bacteria	Alistipes putredinis	Alistipes	Rikenellaceae	Bacteroidales	Bacteroidia	Bacteroidetes	Bacteria	0.01	https://s3-eu-west-1.amazonaws.com/sgb-genomes/data/genomes/2318/AsnicarF_2017__MV_FEM2_t1Q14__bin.18.fa	https://s3-eu-west-1.amazonaws.com/sgb-genomes/data/eggnog/2318.tsv	https://s3-eu-west-1.amazonaws.com/sgb-genomes/data/uniref/90/2318/AsnicarF_2017__MV_FEM2_t1Q14__bin.18.txt
AsnicarF_2017__MV_FEM2_t1Q14__bin.19	4328	No	AsnicarF_2017	MV_FEM2_t1Q14	1662066	10198	241	93.62	0.11	Firmicutes bacterium	Firmicutes unclassified	Firmicutes unclassified	Firmicutes unclassified	Firmicutes unclassified	Firmicutes	Bacteria	Firmicutes bacterium	Firmicutes unclassified	Firmicutes unclassified	Firmicutes unclassified	Firmicutes unclassified	Firmicutes	Bacteria	0.02	https://s3-eu-west-1.amazonaws.com/sgb-genomes/data/genomes/4328/AsnicarF_2017__MV_FEM2_t1Q14__bin.19.fa	https://s3-eu-west-1.amazonaws.com/sgb-genomes/data/eggnog/4328.tsv	https://s3-eu-west-1.amazonaws.com/sgb-genomes/data/uniref/90/4328/AsnicarF_2017__MV_FEM2_t1Q14__bin.19.txt
AsnicarF_2017__MV_FEM2_t1Q14__bin.2	1024	No	AsnicarF_2017	MV_FEM2_t1Q14	1319303	14210	132	92.13	1.12	Clostridium sp	Clostridium	Clostridiaceae	Clostridiales	Clostridia	Firmicutes	Bacteria	Clostridium sp	Clostridium	Clostridiaceae	Clostridiales	Clostridia	Firmicutes	Bacteria	0.03	https://s3-eu-west-1.amazonaws.com/sgb-genomes/data/genomes/1024/AsnicarF_2017__MV_FEM2_t1Q14__bin.2.fa	https://s3-eu-west-1.amazonaws.com/sgb-genomes/data/eggnog/1024.tsv	https://s3-eu-west-1.amazonaws.com/sgb-genomes/data/uniref/90/1024/AsnicarF_2017__MV_FEM2_t1Q14__bin.2.txt
AsnicarF_2017__MV_FEM2_t1Q14__bin.20	15107	Yes	AsnicarF_2017	MV_FEM2_t1Q14	2525567	13808	299	85.23	0.71	N/A	N/A	Clostridiales unclassified	Clostridiales	Clostridia	Firmicutes	Bacteria	Firmicutes bacterium	Firmicutes unclassified	Firmicutes unclassified	Firmicutes unclassified	Firmicutes unclassified	Firmicutes	Bacteria	0.17	https://s3-eu-west-1.amazonaws.com/sgb-genomes/data/genomes/15107/AsnicarF_2017__MV_FEM2_t1Q14__bin.20.fa	https://s3-eu-west-1.amazonaws.com/sgb-genomes/data/eggnog/15107.tsv	https://s3-eu-west-1.amazonaws.com/sgb-genomes/data/uniref/90/15107/AsnicarF_2017__MV_FEM2_t1Q14__bin.20.txt
AsnicarF_2017__MV_FEM2_t1Q14__bin.24	5792	No	AsnicarF_2017	MV_FEM2_t1Q14	1940430	6303	389	94.52	2.69	Phascolarctobacterium sp	Phascolarctobacterium	Acidaminococcaceae	Acidaminococcales	Negativicutes	Firmicutes	Bacteria	Phascolarctobacterium sp	Phascolarctobacterium	Acidaminococcaceae	Acidaminococcales	Negativicutes	Firmicutes	Bacteria	0.02	https://s3-eu-west-1.amazonaws.com/sgb-genomes/data/genomes/5792/AsnicarF_2017__MV_FEM2_t1Q14__bin.24.fa	https://s3-eu-west-1.amazonaws.com/sgb-genomes/data/eggnog/5792.tsv	https://s3-eu-west-1.amazonaws.com/sgb-genomes/data/uniref/90/5792/AsnicarF_2017__MV_FEM2_t1Q14__bin.24.txt
AsnicarF_2017__MV_FEM2_t1Q14__bin.25	1814	No	AsnicarF_2017	MV_FEM2_t1Q14	4466266	24275	310	91.91	2.49	Bacteroides vulgatus	Bacteroides	Bacteroidaceae	Bacteroidales	Bacteroidia	Bacteroidetes	Bacteria	Bacteroides vulgatus	Bacteroides	Bacteroidaceae	Bacteroidales	Bacteroidia	Bacteroidetes	Bacteria	0.02	https://s3-eu-west-1.amazonaws.com/sgb-genomes/data/genomes/1814/AsnicarF_2017__MV_FEM2_t1Q14__bin.25.fa	https://s3-eu-west-1.amazonaws.com/sgb-genomes/data/eggnog/1814.tsv	https://s3-eu-west-1.amazonaws.com/sgb-genomes/data/uniref/90/1814/AsnicarF_2017__MV_FEM2_t1Q14__bin.25.txt
AsnicarF_2017__MV_FEM2_t1Q14__bin.26	4938	No	AsnicarF_2017	MV_FEM2_t1Q14	2345478	5262	531	79.22	4.71	Roseburia sp	Roseburia	Lachnospiraceae	Clostridiales	Clostridia	Firmicutes	Bacteria	Roseburia sp	Roseburia	Lachnospiraceae	Clostridiales	Clostridia	Firmicutes	Bacteria	0.02	https://s3-eu-west-1.amazonaws.com/sgb-genomes/data/genomes/4938/AsnicarF_2017__MV_FEM2_t1Q14__bin.26.fa	https://s3-eu-west-1.amazonaws.com/sgb-genomes/data/eggnog/4938.tsv	https://s3-eu-west-1.amazonaws.com/sgb-genomes/data/uniref/90/4938/AsnicarF_2017__MV_FEM2_t1Q14__bin.26.txt
AsnicarF_2017__MV_FEM2_t1Q14__bin.29	5082	No	AsnicarF_2017	MV_FEM2_t1Q14	2050728	5402	479	77.30	0.47	Eubacterium eligens	Eubacterium	Eubacteriaceae	Clostridiales	Clostridia	Firmicutes	Bacteria	Eubacterium eligens	Eubacterium	Eubacteriaceae	Clostridiales	Clostridia	Firmicutes	Bacteria	0.02	https://s3-eu-west-1.amazonaws.com/sgb-genomes/data/genomes/5082/AsnicarF_2017__MV_FEM2_t1Q14__bin.29.fa	https://s3-eu-west-1.amazonaws.com/sgb-genomes/data/eggnog/5082.tsv	https://s3-eu-west-1.amazonaws.com/sgb-genomes/data/uniref/90/5082/AsnicarF_2017__MV_FEM2_t1Q14__bin.29.txt
AsnicarF_2017__MV_FEM2_t1Q14__bin.30	17322	Yes	AsnicarF_2017	MV_FEM2_t1Q14	960568	125774	15	87.21	0.00	N/A	N/A	N/A	N/A	N/A	N/A	N/A	Wolbachia endosymbiont	Wolbachia	Anaplasmataceae	Rickettsiales	Alphaproteobacteria	Proteobacteria	Bacteria	0.34	https://s3-eu-west-1.amazonaws.com/sgb-genomes/data/genomes/17322/AsnicarF_2017__MV_FEM2_t1Q14__bin.30.fa	https://s3-eu-west-1.amazonaws.com/sgb-genomes/data/eggnog/17322.tsv	https://s3-eu-west-1.amazonaws.com/sgb-genomes/data/uniref/90/17322/AsnicarF_2017__MV_FEM2_t1Q14__bin.30.txt
AsnicarF_2017__MV_FEM2_t1Q14__bin.31	714	No	AsnicarF_2017	MV_FEM2_t1Q14	1688884	11182	198	97.73	0.00	Methanobrevibacter smithii	Methanobrevibacter	Methanobacteriaceae	Methanobacteriales	Methanobacteria	Euryarchaeota	Archaea	Methanobrevibacter smithii	Methanobrevibacter	Methanobacteriaceae	Methanobacteriales	Methanobacteria	Euryarchaeota	Archaea	0.01	https://s3-eu-west-1.amazonaws.com/sgb-genomes/data/genomes/714/AsnicarF_2017__MV_FEM2_t1Q14__bin.31.fa	https://s3-eu-west-1.amazonaws.com/sgb-genomes/data/eggnog/714.tsv	https://s3-eu-west-1.amazonaws.com/sgb-genomes/data/uniref/90/714/AsnicarF_2017__MV_FEM2_t1Q14__bin.31.txt
AsnicarF_2017__MV_FEM2_t1Q14__bin.32	14099	Yes	AsnicarF_2017	MV_FEM2_t1Q14	1580170	15141	153	88.84	0.00	N/A	N/A	N/A	N/A	N/A	N/A	N/A	Acidaminococcus sp	Acidaminococcus	Acidaminococcaceae	Acidaminococcales	Negativicutes	Firmicutes	Bacteria	0.29	https://s3-eu-west-1.amazonaws.com/sgb-genomes/data/genomes/14099/AsnicarF_2017__MV_FEM2_t1Q14__bin.32.fa	https://s3-eu-west-1.amazonaws.com/sgb-genomes/data/eggnog/14099.tsv	https://s3-eu-west-1.amazonaws.com/sgb-genomes/data/uniref/90/14099/AsnicarF_2017__MV_FEM2_t1Q14__bin.32.txt
AsnicarF_2017__MV_FEM2_t1Q14__bin.7	4914	No	AsnicarF_2017	MV_FEM2_t1Q14	2688079	15779	245	93.00	4.27	Clostridium sp	Clostridium	Clostridiaceae	Clostridiales	Clostridia	Firmicutes	Bacteria	Clostridium sp	Clostridium	Clostridiaceae	Clostridiales	Clostridia	Firmicutes	Bacteria	0.02	https://s3-eu-west-1.amazonaws.com/sgb-genomes/data/genomes/4914/AsnicarF_2017__MV_FEM2_t1Q14__bin.7.fa	https://s3-eu-west-1.amazonaws.com/sgb-genomes/data/eggnog/4914.tsv	https://s3-eu-west-1.amazonaws.com/sgb-genomes/data/uniref/90/4914/AsnicarF_2017__MV_FEM2_t1Q14__bin.7.txt
AsnicarF_2017__MV_FEM2_t1Q14__bin.8	4644	No	AsnicarF_2017	MV_FEM2_t1Q14	2226825	4282	598	83.48	4.26	Clostridium sp	Clostridium	Clostridiaceae	Clostridiales	Clostridia	Firmicutes	Bacteria	Clostridium sp	Clostridium	Clostridiaceae	Clostridiales	Clostridia	Firmicutes	Bacteria	0.02	https://s3-eu-west-1.amazonaws.com/sgb-genomes/data/genomes/4644/AsnicarF_2017__MV_FEM2_t1Q14__bin.8.fa	https://s3-eu-west-1.amazonaws.com/sgb-genomes/data/eggnog/4644.tsv	https://s3-eu-west-1.amazonaws.com/sgb-genomes/data/uniref/90/4644/AsnicarF_2017__MV_FEM2_t1Q14__bin.8.txt
AsnicarF_2017__MV_FEM3_t1Q14__bin.1	6478	No	AsnicarF_2017	MV_FEM3_t1Q14	1091748	3807	308	79.49	2.25	Firmicutes bacterium	Firmicutes unclassified	Firmicutes unclassified	Firmicutes unclassified	Firmicutes unclassified	Firmicutes	Bacteria	Firmicutes bacterium	Firmicutes unclassified	Firmicutes unclassified	Firmicutes unclassified	Firmicutes unclassified	Firmicutes	Bacteria	0.02	https://s3-eu-west-1.amazonaws.com/sgb-genomes/data/genomes/6478/AsnicarF_2017__MV_FEM3_t1Q14__bin.1.fa	https://s3-eu-west-1.amazonaws.com/sgb-genomes/data/eggnog/6478.tsv	https://s3-eu-west-1.amazonaws.com/sgb-genomes/data/uniref/90/6478/AsnicarF_2017__MV_FEM3_t1Q14__bin.1.txt
AsnicarF_2017__MV_FEM3_t1Q14__bin.13	2301	No	AsnicarF_2017	MV_FEM3_t1Q14	2975499	77794	63	98.88	1.92	Alistipes finegoldii	Alistipes	Rikenellaceae	Bacteroidales	Bacteroidia	Bacteroidetes	Bacteria	Alistipes finegoldii	Alistipes	Rikenellaceae	Bacteroidales	Bacteroidia	Bacteroidetes	Bacteria	0.02	https://s3-eu-west-1.amazonaws.com/sgb-genomes/data/genomes/2301/AsnicarF_2017__MV_FEM3_t1Q14__bin.13.fa	https://s3-eu-west-1.amazonaws.com/sgb-genomes/data/eggnog/2301.tsv	https://s3-eu-west-1.amazonaws.com/sgb-genomes/data/uniref/90/2301/AsnicarF_2017__MV_FEM3_t1Q14__bin.13.txt
AsnicarF_2017__MV_FEM3_t1Q14__bin.15	2326	No	AsnicarF_2017	MV_FEM3_t1Q14	2626960	37368	115	92.86	0.00	Faecalibacterium prausnitzii	Faecalibacterium	Ruminococcaceae	Clostridiales	Clostridia	Firmicutes	Bacteria	Faecalibacterium prausnitzii	Faecalibacterium	Ruminococcaceae	Clostridiales	Clostridia	Firmicutes	Bacteria	0.03	https://s3-eu-west-1.amazonaws.com/sgb-genomes/data/genomes/2326/AsnicarF_2017__MV_FEM3_t1Q14__bin.15.fa	https://s3-eu-west-1.amazonaws.com/sgb-genomes/data/eggnog/2326.tsv	https://s3-eu-west-1.amazonaws.com/sgb-genomes/data/uniref/90/2326/AsnicarF_2017__MV_FEM3_t1Q14__bin.15.txt
AsnicarF_2017__MV_FEM3_t1Q14__bin.16	2321	Yes	AsnicarF_2017	MV_FEM3_t1Q14	2248114	9493	323	89.21	1.44	N/A	N/A	Rikenellaceae	Bacteroidales	Bacteroidia	Bacteroidetes	Bacteria	Alistipes sp	Alistipes	Rikenellaceae	Bacteroidales	Bacteroidia	Bacteroidetes	Bacteria	0.08	https://s3-eu-west-1.amazonaws.com/sgb-genomes/data/genomes/2321/AsnicarF_2017__MV_FEM3_t1Q14__bin.16.fa	https://s3-eu-west-1.amazonaws.com/sgb-genomes/data/eggnog/2321.tsv	https://s3-eu-west-1.amazonaws.com/sgb-genomes/data/uniref/90/2321/AsnicarF_2017__MV_FEM3_t1Q14__bin.16.txt
AsnicarF_2017__MV_FEM3_t1Q14__bin.19	4285	No	AsnicarF_2017	MV_FEM3_t1Q14	1738502	6003	348	91.88	2.68	Ruminococcus bromii	Ruminococcus	Ruminococcaceae	Clostridiales	Clostridia	Firmicutes	Bacteria	Ruminococcus sp	Ruminococcus	Ruminococcaceae	Clostridiales	Clostridia	Firmicutes	Bacteria	0.02	https://s3-eu-west-1.amazonaws.com/sgb-genomes/data/genomes/4285/AsnicarF_2017__MV_FEM3_t1Q14__bin.19.fa	https://s3-eu-west-1.amazonaws.com/sgb-genomes/data/eggnog/4285.tsv	https://s3-eu-west-1.amazonaws.com/sgb-genomes/data/uniref/90/4285/AsnicarF_2017__MV_FEM3_t1Q14__bin.19.txt
AsnicarF_2017__MV_FEM3_t1Q14__bin.2	2295	No	AsnicarF_2017	MV_FEM3_t1Q14	2535540	32251	142	91.59	1.20	Alistipes shahii	Alistipes	Rikenellaceae	Bacteroidales	Bacteroidia	Bacteroidetes	Bacteria	Alistipes sp	Alistipes	Rikenellaceae	Bacteroidales	Bacteroidia	Bacteroidetes	Bacteria	0.01	https://s3-eu-west-1.amazonaws.com/sgb-genomes/data/genomes/2295/AsnicarF_2017__MV_FEM3_t1Q14__bin.2.fa	https://s3-eu-west-1.amazonaws.com/sgb-genomes/data/eggnog/2295.tsv	https://s3-eu-west-1.amazonaws.com/sgb-genomes/data/uniref/90/2295/AsnicarF_2017__MV_FEM3_t1Q14__bin.2.txt
AsnicarF_2017__MV_FEM3_t1Q14__bin.23	4198	No	AsnicarF_2017	MV_FEM3_t1Q14	2665193	29999	131	96.98	0.67	Eubacterium siraeum	Ruminiclostridium	Ruminococcaceae	Clostridiales	Clostridia	Firmicutes	Bacteria	Eubacterium siraeum	Ruminiclostridium	Ruminococcaceae	Clostridiales	Clostridia	Firmicutes	Bacteria	0.02	https://s3-eu-west-1.amazonaws.com/sgb-genomes/data/genomes/4198/AsnicarF_2017__MV_FEM3_t1Q14__bin.23.fa	https://s3-eu-west-1.amazonaws.com/sgb-genomes/data/eggnog/4198.tsv	https://s3-eu-west-1.amazonaws.com/sgb-genomes/data/uniref/90/4198/AsnicarF_2017__MV_FEM3_t1Q14__bin.23.txt
AsnicarF_2017__MV_FEM3_t1Q14__bin.24	15089	No	AsnicarF_2017	MV_FEM3_t1Q14	1735990	9185	255	85.49	1.80	Firmicutes bacterium	Firmicutes unclassified	Firmicutes unclassified	Firmicutes unclassified	Firmicutes unclassified	Firmicutes	Bacteria	Firmicutes bacterium	Firmicutes unclassified	Firmicutes unclassified	Firmicutes unclassified	Firmicutes unclassified	Firmicutes	Bacteria	0.02	https://s3-eu-west-1.amazonaws.com/sgb-genomes/data/genomes/15089/AsnicarF_2017__MV_FEM3_t1Q14__bin.24.fa	https://s3-eu-west-1.amazonaws.com/sgb-genomes/data/eggnog/15089.tsv	https://s3-eu-west-1.amazonaws.com/sgb-genomes/data/uniref/90/15089/AsnicarF_2017__MV_FEM3_t1Q14__bin.24.txt
AsnicarF_2017__MV_FEM3_t1Q14__bin.28	14263	Yes	AsnicarF_2017	MV_FEM3_t1Q14	2001965	28386	117	91.95	0.00	N/A	N/A	N/A	N/A	N/A	N/A	N/A	Eubacterium sp	Eubacterium	Eubacteriaceae	Clostridiales	Clostridia	Firmicutes	Bacteria	0.30	https://s3-eu-west-1.amazonaws.com/sgb-genomes/data/genomes/14263/AsnicarF_2017__MV_FEM3_t1Q14__bin.28.fa	https://s3-eu-west-1.amazonaws.com/sgb-genomes/data/eggnog/14263.tsv	https://s3-eu-west-1.amazonaws.com/sgb-genomes/data/uniref/90/14263/AsnicarF_2017__MV_FEM3_t1Q14__bin.28.txt
AsnicarF_2017__MV_FEM3_t1Q14__bin.29	15233	Yes	AsnicarF_2017	MV_FEM3_t1Q14	3638263	7504	633	89.27	2.80	N/A	Firmicutes unclassified	Firmicutes unclassified	Firmicutes unclassified	Firmicutes unclassified	Firmicutes	Bacteria	Firmicutes bacterium	Firmicutes unclassified	Firmicutes unclassified	Firmicutes unclassified	Firmicutes unclassified	Firmicutes	Bacteria	0.09	https://s3-eu-west-1.amazonaws.com/sgb-genomes/data/genomes/15233/AsnicarF_2017__MV_FEM3_t1Q14__bin.29.fa	https://s3-eu-west-1.amazonaws.com/sgb-genomes/data/eggnog/15233.tsv	https://s3-eu-west-1.amazonaws.com/sgb-genomes/data/uniref/90/15233/AsnicarF_2017__MV_FEM3_t1Q14__bin.29.txt
AsnicarF_2017__MV_FEM3_t1Q14__bin.32	1949	No	AsnicarF_2017	MV_FEM3_t1Q14	4003872	60571	107	96.22	0.19	Parabacteroides merdae	Parabacteroides	Tannerellaceae	Bacteroidales	Bacteroidia	Bacteroidetes	Bacteria	Parabacteroides merdae	Parabacteroides	Tannerellaceae	Bacteroidales	Bacteroidia	Bacteroidetes	Bacteria	0.01	https://s3-eu-west-1.amazonaws.com/sgb-genomes/data/genomes/1949/AsnicarF_2017__MV_FEM3_t1Q14__bin.32.fa	https://s3-eu-west-1.amazonaws.com/sgb-genomes/data/eggnog/1949.tsv	https://s3-eu-west-1.amazonaws.com/sgb-genomes/data/uniref/90/1949/AsnicarF_2017__MV_FEM3_t1Q14__bin.32.txt
AsnicarF_2017__MV_FEM3_t1Q14__bin.33	4335	Yes	AsnicarF_2017	MV_FEM3_t1Q14	1925501	84738	43	97.99	0.00	N/A	N/A	Eubacteriaceae	Clostridiales	Clostridia	Firmicutes	Bacteria	Eubacterium coprostanoligenes	Eubacterium	Eubacteriaceae	Clostridiales	Clostridia	Firmicutes	Bacteria	0.22	https://s3-eu-west-1.amazonaws.com/sgb-genomes/data/genomes/4335/AsnicarF_2017__MV_FEM3_t1Q14__bin.33.fa	https://s3-eu-west-1.amazonaws.com/sgb-genomes/data/eggnog/4335.tsv	https://s3-eu-west-1.amazonaws.com/sgb-genomes/data/uniref/90/4335/AsnicarF_2017__MV_FEM3_t1Q14__bin.33.txt
AsnicarF_2017__MV_FEM3_t1Q14__bin.6	714	No	AsnicarF_2017	MV_FEM3_t1Q14	1673573	11383	189	96.63	0.80	Methanobrevibacter smithii	Methanobrevibacter	Methanobacteriaceae	Methanobacteriales	Methanobacteria	Euryarchaeota	Archaea	Methanobrevibacter smithii	Methanobrevibacter	Methanobacteriaceae	Methanobacteriales	Methanobacteria	Euryarchaeota	Archaea	0.01	https://s3-eu-west-1.amazonaws.com/sgb-genomes/data/genomes/714/AsnicarF_2017__MV_FEM3_t1Q14__bin.6.fa	https://s3-eu-west-1.amazonaws.com/sgb-genomes/data/eggnog/714.tsv	https://s3-eu-west-1.amazonaws.com/sgb-genomes/data/uniref/90/714/AsnicarF_2017__MV_FEM3_t1Q14__bin.6.txt
AsnicarF_2017__MV_FEM3_t1Q14__bin.8	1845	No	AsnicarF_2017	MV_FEM3_t1Q14	7223558	7789	1239	69.80	3.45	Bacteroides intestinalis	Bacteroides	Bacteroidaceae	Bacteroidales	Bacteroidia	Bacteroidetes	Bacteria	Bacteroides intestinalis	Bacteroides	Bacteroidaceae	Bacteroidales	Bacteroidia	Bacteroidetes	Bacteria	0.03	https://s3-eu-west-1.amazonaws.com/sgb-genomes/data/genomes/1845/AsnicarF_2017__MV_FEM3_t1Q14__bin.8.fa	https://s3-eu-west-1.amazonaws.com/sgb-genomes/data/eggnog/1845.tsv	https://s3-eu-west-1.amazonaws.com/sgb-genomes/data/uniref/90/1845/AsnicarF_2017__MV_FEM3_t1Q14__bin.8.txt
AsnicarF_2017__MV_FEM3_t1Q14__bin.9	1965	No	AsnicarF_2017	MV_FEM3_t1Q14	3193232	67313	86	99.62	0.00	Bacteroides sp	Bacteroides	Bacteroidaceae	Bacteroidales	Bacteroidia	Bacteroidetes	Bacteria	Bacteroides sp	Bacteroides	Bacteroidaceae	Bacteroidales	Bacteroidia	Bacteroidetes	Bacteria	0.02	https://s3-eu-west-1.amazonaws.com/sgb-genomes/data/genomes/1965/AsnicarF_2017__MV_FEM3_t1Q14__bin.9.fa	https://s3-eu-west-1.amazonaws.com/sgb-genomes/data/eggnog/1965.tsv	https://s3-eu-west-1.amazonaws.com/sgb-genomes/data/uniref/90/1965/AsnicarF_2017__MV_FEM3_t1Q14__bin.9.txt
AsnicarF_2017__MV_FEM4_t1Q14__bin.11	5792	No	AsnicarF_2017	MV_FEM4_t1Q14	2202951	13158	253	97.54	3.11	Phascolarctobacterium sp	Phascolarctobacterium	Acidaminococcaceae	Acidaminococcales	Negativicutes	Firmicutes	Bacteria	Phascolarctobacterium sp	Phascolarctobacterium	Acidaminococcaceae	Acidaminococcales	Negativicutes	Firmicutes	Bacteria	0.02	https://s3-eu-west-1.amazonaws.com/sgb-genomes/data/genomes/5792/AsnicarF_2017__MV_FEM4_t1Q14__bin.11.fa	https://s3-eu-west-1.amazonaws.com/sgb-genomes/data/eggnog/5792.tsv	https://s3-eu-west-1.amazonaws.com/sgb-genomes/data/uniref/90/5792/AsnicarF_2017__MV_FEM4_t1Q14__bin.11.txt
AsnicarF_2017__MV_FEM4_t1Q14__bin.2	1626	No	AsnicarF_2017	MV_FEM4_t1Q14	3353295	82707	74	98.65	0.68	Prevotella copri	Prevotella	Prevotellaceae	Bacteroidales	Bacteroidia	Bacteroidetes	Bacteria	Prevotella copri	Prevotella	Prevotellaceae	Bacteroidales	Bacteroidia	Bacteroidetes	Bacteria	0.03	https://s3-eu-west-1.amazonaws.com/sgb-genomes/data/genomes/1626/AsnicarF_2017__MV_FEM4_t1Q14__bin.2.fa	https://s3-eu-west-1.amazonaws.com/sgb-genomes/data/eggnog/1626.tsv	https://s3-eu-west-1.amazonaws.com/sgb-genomes/data/uniref/90/1626/AsnicarF_2017__MV_FEM4_t1Q14__bin.2.txt
AsnicarF_2017__MV_FEM4_t1Q14__bin.4	4914	No	AsnicarF_2017	MV_FEM4_t1Q14	2478389	4857	605	78.60	2.23	Clostridium sp	Clostridium	Clostridiaceae	Clostridiales	Clostridia	Firmicutes	Bacteria	Clostridium sp	Clostridium	Clostridiaceae	Clostridiales	Clostridia	Firmicutes	Bacteria	0.02	https://s3-eu-west-1.amazonaws.com/sgb-genomes/data/genomes/4914/AsnicarF_2017__MV_FEM4_t1Q14__bin.4.fa	https://s3-eu-west-1.amazonaws.com/sgb-genomes/data/eggnog/4914.tsv	https://s3-eu-west-1.amazonaws.com/sgb-genomes/data/uniref/90/4914/AsnicarF_2017__MV_FEM4_t1Q14__bin.4.txt
AsnicarF_2017__MV_FEM4_t1Q14__bin.5	15316	No	AsnicarF_2017	MV_FEM4_t1Q14	1427411	3650	439	63.50	4.38	Faecalibacterium prausnitzii	Faecalibacterium	Ruminococcaceae	Clostridiales	Clostridia	Firmicutes	Bacteria	Faecalibacterium prausnitzii	Faecalibacterium	Ruminococcaceae	Clostridiales	Clostridia	Firmicutes	Bacteria	0.04	https://s3-eu-west-1.amazonaws.com/sgb-genomes/data/genomes/15316/AsnicarF_2017__MV_FEM4_t1Q14__bin.5.fa	https://s3-eu-west-1.amazonaws.com/sgb-genomes/data/eggnog/15316.tsv	https://s3-eu-west-1.amazonaws.com/sgb-genomes/data/uniref/90/15316/AsnicarF_2017__MV_FEM4_t1Q14__bin.5.txt
AsnicarF_2017__MV_FEM4_t1Q14__bin.6	1814	No	AsnicarF_2017	MV_FEM4_t1Q14	4475561	36752	204	98.03	1.26	Bacteroides vulgatus	Bacteroides	Bacteroidaceae	Bacteroidales	Bacteroidia	Bacteroidetes	Bacteria	Bacteroides vulgatus	Bacteroides	Bacteroidaceae	Bacteroidales	Bacteroidia	Bacteroidetes	Bacteria	0.02	https://s3-eu-west-1.amazonaws.com/sgb-genomes/data/genomes/1814/AsnicarF_2017__MV_FEM4_t1Q14__bin.6.fa	https://s3-eu-west-1.amazonaws.com/sgb-genomes/data/eggnog/1814.tsv	https://s3-eu-west-1.amazonaws.com/sgb-genomes/data/uniref/90/1814/AsnicarF_2017__MV_FEM4_t1Q14__bin.6.txt
AsnicarF_2017__MV_FEM4_t1Q14__bin.7	1798	No	AsnicarF_2017	MV_FEM4_t1Q14	3149723	13129	357	91.89	0.74	Paraprevotella clara	Paraprevotella	Prevotellaceae	Bacteroidales	Bacteroidia	Bacteroidetes	Bacteria	Paraprevotella clara	Paraprevotella	Prevotellaceae	Bacteroidales	Bacteroidia	Bacteroidetes	Bacteria	0.02	https://s3-eu-west-1.amazonaws.com/sgb-genomes/data/genomes/1798/AsnicarF_2017__MV_FEM4_t1Q14__bin.7.fa	https://s3-eu-west-1.amazonaws.com/sgb-genomes/data/eggnog/1798.tsv	https://s3-eu-west-1.amazonaws.com/sgb-genomes/data/uniref/90/1798/AsnicarF_2017__MV_FEM4_t1Q14__bin.7.txt
AsnicarF_2017__MV_FEM4_t2Q15__bin.1	8002	No	AsnicarF_2017	MV_FEM4_t2Q15	1658657	14498	170	96.13	0.15	Streptococcus thermophilus	Streptococcus	Streptococcaceae	Lactobacillales	Bacilli	Firmicutes	Bacteria	Streptococcus thermophilus	Streptococcus	Streptococcaceae	Lactobacillales	Bacilli	Firmicutes	Bacteria	0.01	https://s3-eu-west-1.amazonaws.com/sgb-genomes/data/genomes/8002/AsnicarF_2017__MV_FEM4_t2Q15__bin.1.fa	https://s3-eu-west-1.amazonaws.com/sgb-genomes/data/eggnog/8002.tsv	https://s3-eu-west-1.amazonaws.com/sgb-genomes/data/uniref/90/8002/AsnicarF_2017__MV_FEM4_t2Q15__bin.1.txt
AsnicarF_2017__MV_FEM4_t2Q15__bin.11	17248	No	AsnicarF_2017	MV_FEM4_t2Q15	2109188	39272	86	96.37	0.23	Bifidobacterium longum	Bifidobacterium	Bifidobacteriaceae	Bifidobacteriales	Actinobacteria	Actinobacteria	Bacteria	Bifidobacterium longum	Bifidobacterium	Bifidobacteriaceae	Bifidobacteriales	Actinobacteria	Actinobacteria	Bacteria	0.02	https://s3-eu-west-1.amazonaws.com/sgb-genomes/data/genomes/17248/AsnicarF_2017__MV_FEM4_t2Q15__bin.11.fa	https://s3-eu-west-1.amazonaws.com/sgb-genomes/data/eggnog/17248.tsv	https://s3-eu-west-1.amazonaws.com/sgb-genomes/data/uniref/90/17248/AsnicarF_2017__MV_FEM4_t2Q15__bin.11.txt
AsnicarF_2017__MV_FEM4_t2Q15__bin.12	5854	No	AsnicarF_2017	MV_FEM4_t2Q15	2026128	8695	327	91.38	3.56	Ruminococcus sp	Blautia	Lachnospiraceae	Clostridiales	Clostridia	Firmicutes	Bacteria	Megasphaera sp	Megasphaera	Veillonellaceae	Veillonellales	Negativicutes	Firmicutes	Bacteria	0.03	https://s3-eu-west-1.amazonaws.com/sgb-genomes/data/genomes/5854/AsnicarF_2017__MV_FEM4_t2Q15__bin.12.fa	https://s3-eu-west-1.amazonaws.com/sgb-genomes/data/eggnog/5854.tsv	https://s3-eu-west-1.amazonaws.com/sgb-genomes/data/uniref/90/5854/AsnicarF_2017__MV_FEM4_t2Q15__bin.12.txt
AsnicarF_2017__MV_FEM4_t2Q15__bin.13	17237	No	AsnicarF_2017	MV_FEM4_t2Q15	1186202	60400	40	59.74	0.45	Bifidobacterium pseudocatenulatum	Bifidobacterium	Bifidobacteriaceae	Bifidobacteriales	Actinobacteria	Actinobacteria	Bacteria	Bifidobacterium pseudocatenulatum	Bifidobacterium	Bifidobacteriaceae	Bifidobacteriales	Actinobacteria	Actinobacteria	Bacteria	0.02	https://s3-eu-west-1.amazonaws.com/sgb-genomes/data/genomes/17237/AsnicarF_2017__MV_FEM4_t2Q15__bin.13.fa	https://s3-eu-west-1.amazonaws.com/sgb-genomes/data/eggnog/17237.tsv	https://s3-eu-west-1.amazonaws.com/sgb-genomes/data/uniref/90/17237/AsnicarF_2017__MV_FEM4_t2Q15__bin.13.txt
AsnicarF_2017__MV_FEM4_t2Q15__bin.14	14861	Yes	AsnicarF_2017	MV_FEM4_t2Q15	2280216	59048	61	97.99	0.00	N/A	N/A	N/A	N/A	N/A	N/A	N/A	Firmicutes bacterium	Firmicutes unclassified	Firmicutes unclassified	Firmicutes unclassified	Firmicutes unclassified	Firmicutes	Bacteria	0.21	https://s3-eu-west-1.amazonaws.com/sgb-genomes/data/genomes/14861/AsnicarF_2017__MV_FEM4_t2Q15__bin.14.fa	https://s3-eu-west-1.amazonaws.com/sgb-genomes/data/eggnog/14861.tsv	https://s3-eu-west-1.amazonaws.com/sgb-genomes/data/uniref/90/14861/AsnicarF_2017__MV_FEM4_t2Q15__bin.14.txt
AsnicarF_2017__MV_FEM4_t2Q15__bin.15	15342	No	AsnicarF_2017	MV_FEM4_t2Q15	1505362	10515	199	54.63	0.00	Faecalibacterium prausnitzii	Faecalibacterium	Ruminococcaceae	Clostridiales	Clostridia	Firmicutes	Bacteria	Faecalibacterium sp	Faecalibacterium	Ruminococcaceae	Clostridiales	Clostridia	Firmicutes	Bacteria	0.03	https://s3-eu-west-1.amazonaws.com/sgb-genomes/data/genomes/15342/AsnicarF_2017__MV_FEM4_t2Q15__bin.15.fa	https://s3-eu-west-1.amazonaws.com/sgb-genomes/data/eggnog/15342.tsv	https://s3-eu-west-1.amazonaws.com/sgb-genomes/data/uniref/90/15342/AsnicarF_2017__MV_FEM4_t2Q15__bin.15.txt
AsnicarF_2017__MV_FEM4_t2Q15__bin.16	6962	No	AsnicarF_2017	MV_FEM4_t2Q15	1692995	6300	357	83.18	2.11	Megamonas funiformis	Megamonas	Selenomonadaceae	Selenomonadales	Negativicutes	Firmicutes	Bacteria	Megamonas funiformis	Megamonas	Selenomonadaceae	Selenomonadales	Negativicutes	Firmicutes	Bacteria	0.03	https://s3-eu-west-1.amazonaws.com/sgb-genomes/data/genomes/6962/AsnicarF_2017__MV_FEM4_t2Q15__bin.16.fa	https://s3-eu-west-1.amazonaws.com/sgb-genomes/data/eggnog/6962.tsv	https://s3-eu-west-1.amazonaws.com/sgb-genomes/data/uniref/90/6962/AsnicarF_2017__MV_FEM4_t2Q15__bin.16.txt
AsnicarF_2017__MV_FEM4_t2Q15__bin.17	1814	No	AsnicarF_2017	MV_FEM4_t2Q15	4669690	8841	712	79.66	1.72	Bacteroides vulgatus	Bacteroides	Bacteroidaceae	Bacteroidales	Bacteroidia	Bacteroidetes	Bacteria	Bacteroides vulgatus	Bacteroides	Bacteroidaceae	Bacteroidales	Bacteroidia	Bacteroidetes	Bacteria	0.02	https://s3-eu-west-1.amazonaws.com/sgb-genomes/data/genomes/1814/AsnicarF_2017__MV_FEM4_t2Q15__bin.17.fa	https://s3-eu-west-1.amazonaws.com/sgb-genomes/data/eggnog/1814.tsv	https://s3-eu-west-1.amazonaws.com/sgb-genomes/data/uniref/90/1814/AsnicarF_2017__MV_FEM4_t2Q15__bin.17.txt
AsnicarF_2017__MV_FEM4_t2Q15__bin.18	17244	No	AsnicarF_2017	MV_FEM4_t2Q15	2061316	45354	95	89.99	3.83	Bifidobacterium adolescentis	Bifidobacterium	Bifidobacteriaceae	Bifidobacteriales	Actinobacteria	Actinobacteria	Bacteria	Bifidobacterium adolescentis	Bifidobacterium	Bifidobacteriaceae	Bifidobacteriales	Actinobacteria	Actinobacteria	Bacteria	0.02	https://s3-eu-west-1.amazonaws.com/sgb-genomes/data/genomes/17244/AsnicarF_2017__MV_FEM4_t2Q15__bin.18.fa	https://s3-eu-west-1.amazonaws.com/sgb-genomes/data/eggnog/17244.tsv	https://s3-eu-west-1.amazonaws.com/sgb-genomes/data/uniref/90/17244/AsnicarF_2017__MV_FEM4_t2Q15__bin.18.txt
AsnicarF_2017__MV_FEM4_t2Q15__bin.24	15291	Yes	AsnicarF_2017	MV_FEM4_t2Q15	2274032	6564	438	84.86	2.61	N/A	N/A	Ruminococcaceae	Clostridiales	Clostridia	Firmicutes	Bacteria	Gemmiger formicilis	Gemmiger	Ruminococcaceae	Clostridiales	Clostridia	Firmicutes	Bacteria	0.15	https://s3-eu-west-1.amazonaws.com/sgb-genomes/data/genomes/15291/AsnicarF_2017__MV_FEM4_t2Q15__bin.24.fa	https://s3-eu-west-1.amazonaws.com/sgb-genomes/data/eggnog/15291.tsv	https://s3-eu-west-1.amazonaws.com/sgb-genomes/data/uniref/90/15291/AsnicarF_2017__MV_FEM4_t2Q15__bin.24.txt
AsnicarF_2017__MV_FEM4_t2Q15__bin.25	4367	No	AsnicarF_2017	MV_FEM4_t2Q15	1539683	3490	474	70.18	2.18	Ruminococcus sp	Ruminococcus	Ruminococcaceae	Clostridiales	Clostridia	Firmicutes	Bacteria	Ruminococcus sp	Ruminococcus	Ruminococcaceae	Clostridiales	Clostridia	Firmicutes	Bacteria	0.02	https://s3-eu-west-1.amazonaws.com/sgb-genomes/data/genomes/4367/AsnicarF_2017__MV_FEM4_t2Q15__bin.25.fa	https://s3-eu-west-1.amazonaws.com/sgb-genomes/data/eggnog/4367.tsv	https://s3-eu-west-1.amazonaws.com/sgb-genomes/data/uniref/90/4367/AsnicarF_2017__MV_FEM4_t2Q15__bin.25.txt
AsnicarF_2017__MV_FEM4_t2Q15__bin.27	15091	Yes	AsnicarF_2017	MV_FEM4_t2Q15	1557254	5378	343	79.78	1.01	N/A	Oscillibacter	Oscillospiraceae	Clostridiales	Clostridia	Firmicutes	Bacteria	Oscillibacter sp	Oscillibacter	Oscillospiraceae	Clostridiales	Clostridia	Firmicutes	Bacteria	0.08	https://s3-eu-west-1.amazonaws.com/sgb-genomes/data/genomes/15091/AsnicarF_2017__MV_FEM4_t2Q15__bin.27.fa	https://s3-eu-west-1.amazonaws.com/sgb-genomes/data/eggnog/15091.tsv	https://s3-eu-west-1.amazonaws.com/sgb-genomes/data/uniref/90/15091/AsnicarF_2017__MV_FEM4_t2Q15__bin.27.txt
AsnicarF_2017__MV_FEM4_t2Q15__bin.28	2318	No	AsnicarF_2017	MV_FEM4_t2Q15	2139903	44611	75	98.08	0.96	Alistipes putredinis	Alistipes	Rikenellaceae	Bacteroidales	Bacteroidia	Bacteroidetes	Bacteria	Alistipes putredinis	Alistipes	Rikenellaceae	Bacteroidales	Bacteroidia	Bacteroidetes	Bacteria	0.01	https://s3-eu-west-1.amazonaws.com/sgb-genomes/data/genomes/2318/AsnicarF_2017__MV_FEM4_t2Q15__bin.28.fa	https://s3-eu-west-1.amazonaws.com/sgb-genomes/data/eggnog/2318.tsv	https://s3-eu-west-1.amazonaws.com/sgb-genomes/data/uniref/90/2318/AsnicarF_2017__MV_FEM4_t2Q15__bin.28.txt
AsnicarF_2017__MV_FEM4_t2Q15__bin.29	17256	No	AsnicarF_2017	MV_FEM4_t2Q15	2096836	89849	61	97.18	1.77	Bifidobacterium bifidum	Bifidobacterium	Bifidobacteriaceae	Bifidobacteriales	Actinobacteria	Actinobacteria	Bacteria	Bifidobacterium bifidum	Bifidobacterium	Bifidobacteriaceae	Bifidobacteriales	Actinobacteria	Actinobacteria	Bacteria	0.01	https://s3-eu-west-1.amazonaws.com/sgb-genomes/data/genomes/17256/AsnicarF_2017__MV_FEM4_t2Q15__bin.29.fa	https://s3-eu-west-1.amazonaws.com/sgb-genomes/data/eggnog/17256.tsv	https://s3-eu-west-1.amazonaws.com/sgb-genomes/data/uniref/90/17256/AsnicarF_2017__MV_FEM4_t2Q15__bin.29.txt
AsnicarF_2017__MV_FEM4_t2Q15__bin.30	1626	No	AsnicarF_2017	MV_FEM4_t2Q15	3013222	35778	122	94.32	0.84	Prevotella copri	Prevotella	Prevotellaceae	Bacteroidales	Bacteroidia	Bacteroidetes	Bacteria	Prevotella copri	Prevotella	Prevotellaceae	Bacteroidales	Bacteroidia	Bacteroidetes	Bacteria	0.03	https://s3-eu-west-1.amazonaws.com/sgb-genomes/data/genomes/1626/AsnicarF_2017__MV_FEM4_t2Q15__bin.30.fa	https://s3-eu-west-1.amazonaws.com/sgb-genomes/data/eggnog/1626.tsv	https://s3-eu-west-1.amazonaws.com/sgb-genomes/data/uniref/90/1626/AsnicarF_2017__MV_FEM4_t2Q15__bin.30.txt
AsnicarF_2017__MV_FEM4_t2Q15__bin.4	14507	Yes	AsnicarF_2017	MV_FEM4_t2Q15	2165290	58704	65	98.39	0.81	N/A	Collinsella	Coriobacteriaceae	Coriobacteriales	Coriobacteriia	Actinobacteria	Bacteria	Collinsella aerofaciens	Collinsella	Coriobacteriaceae	Coriobacteriales	Coriobacteriia	Actinobacteria	Bacteria	0.05	https://s3-eu-west-1.amazonaws.com/sgb-genomes/data/genomes/14507/AsnicarF_2017__MV_FEM4_t2Q15__bin.4.fa	https://s3-eu-west-1.amazonaws.com/sgb-genomes/data/eggnog/14507.tsv	https://s3-eu-west-1.amazonaws.com/sgb-genomes/data/uniref/90/14507/AsnicarF_2017__MV_FEM4_t2Q15__bin.4.txt
AsnicarF_2017__MV_FEM4_t2Q15__bin.5	4540	No	AsnicarF_2017	MV_FEM4_t2Q15	3283175	4760	826	92.10	3.69	Anaerostipes hadrus	Anaerostipes	Lachnospiraceae	Clostridiales	Clostridia	Firmicutes	Bacteria	Lachnospiraceae bacterium	Lachnospiraceae unclassified	Lachnospiraceae	Clostridiales	Clostridia	Firmicutes	Bacteria	0.02	https://s3-eu-west-1.amazonaws.com/sgb-genomes/data/genomes/4540/AsnicarF_2017__MV_FEM4_t2Q15__bin.5.fa	https://s3-eu-west-1.amazonaws.com/sgb-genomes/data/eggnog/4540.tsv	https://s3-eu-west-1.amazonaws.com/sgb-genomes/data/uniref/90/4540/AsnicarF_2017__MV_FEM4_t2Q15__bin.5.txt
AsnicarF_2017__MV_FEM4_t2Q15__bin.6	4933	No	AsnicarF_2017	MV_FEM4_t2Q15	2222914	7893	380	91.63	0.58	Eubacterium rectale	Lachnospiraceae unclassified	Lachnospiraceae	Clostridiales	Clostridia	Firmicutes	Bacteria	Eubacterium rectale	Eubacterium	Eubacteriaceae	Clostridiales	Clostridia	Firmicutes	Bacteria	0.03	https://s3-eu-west-1.amazonaws.com/sgb-genomes/data/genomes/4933/AsnicarF_2017__MV_FEM4_t2Q15__bin.6.fa	https://s3-eu-west-1.amazonaws.com/sgb-genomes/data/eggnog/4933.tsv	https://s3-eu-west-1.amazonaws.com/sgb-genomes/data/uniref/90/4933/AsnicarF_2017__MV_FEM4_t2Q15__bin.6.txt
AsnicarF_2017__MV_FEM4_t2Q15__bin.8	4874	No	AsnicarF_2017	MV_FEM4_t2Q15	2843761	20508	196	97.05	0.79	Fusicatenibacter saccharivorans	Fusicatenibacter	Lachnospiraceae	Clostridiales	Clostridia	Firmicutes	Bacteria	Blautia sp	Blautia	Lachnospiraceae	Clostridiales	Clostridia	Firmicutes	Bacteria	0.02	https://s3-eu-west-1.amazonaws.com/sgb-genomes/data/genomes/4874/AsnicarF_2017__MV_FEM4_t2Q15__bin.8.fa	https://s3-eu-west-1.amazonaws.com/sgb-genomes/data/eggnog/4874.tsv	https://s3-eu-west-1.amazonaws.com/sgb-genomes/data/uniref/90/4874/AsnicarF_2017__MV_FEM4_t2Q15__bin.8.txt
AsnicarF_2017__MV_FEM5_t1Q14__bin.11	15091	Yes	AsnicarF_2017	MV_FEM5_t1Q14	1751580	15049	176	85.35	1.01	N/A	Oscillibacter	Oscillospiraceae	Clostridiales	Clostridia	Firmicutes	Bacteria	Oscillibacter sp	Oscillibacter	Oscillospiraceae	Clostridiales	Clostridia	Firmicutes	Bacteria	0.08	https://s3-eu-west-1.amazonaws.com/sgb-genomes/data/genomes/15091/AsnicarF_2017__MV_FEM5_t1Q14__bin.11.fa	https://s3-eu-west-1.amazonaws.com/sgb-genomes/data/eggnog/15091.tsv	https://s3-eu-west-1.amazonaws.com/sgb-genomes/data/uniref/90/15091/AsnicarF_2017__MV_FEM5_t1Q14__bin.11.txt
AsnicarF_2017__MV_FEM5_t1Q14__bin.14	4290	No	AsnicarF_2017	MV_FEM5_t1Q14	1872924	33298	78	92.62	0.34	Eubacterium sp	Eubacterium	Eubacteriaceae	Clostridiales	Clostridia	Firmicutes	Bacteria	Eubacterium sp	Eubacterium	Eubacteriaceae	Clostridiales	Clostridia	Firmicutes	Bacteria	0.02	https://s3-eu-west-1.amazonaws.com/sgb-genomes/data/genomes/4290/AsnicarF_2017__MV_FEM5_t1Q14__bin.14.fa	https://s3-eu-west-1.amazonaws.com/sgb-genomes/data/eggnog/4290.tsv	https://s3-eu-west-1.amazonaws.com/sgb-genomes/data/uniref/90/4290/AsnicarF_2017__MV_FEM5_t1Q14__bin.14.txt
AsnicarF_2017__MV_FEM5_t1Q14__bin.15	14311	Yes	AsnicarF_2017	MV_FEM5_t1Q14	1668978	27437	87	92.34	1.48	N/A	N/A	Clostridiaceae	Clostridiales	Clostridia	Firmicutes	Bacteria	Clostridium sp	Clostridium	Clostridiaceae	Clostridiales	Clostridia	Firmicutes	Bacteria	0.28	https://s3-eu-west-1.amazonaws.com/sgb-genomes/data/genomes/14311/AsnicarF_2017__MV_FEM5_t1Q14__bin.15.fa	https://s3-eu-west-1.amazonaws.com/sgb-genomes/data/eggnog/14311.tsv	https://s3-eu-west-1.amazonaws.com/sgb-genomes/data/uniref/90/14311/AsnicarF_2017__MV_FEM5_t1Q14__bin.15.txt
AsnicarF_2017__MV_FEM5_t1Q14__bin.17	4874	No	AsnicarF_2017	MV_FEM5_t1Q14	1949158	8944	292	78.98	3.16	Fusicatenibacter saccharivorans	Fusicatenibacter	Lachnospiraceae	Clostridiales	Clostridia	Firmicutes	Bacteria	Blautia sp	Blautia	Lachnospiraceae	Clostridiales	Clostridia	Firmicutes	Bacteria	0.02	https://s3-eu-west-1.amazonaws.com/sgb-genomes/data/genomes/4874/AsnicarF_2017__MV_FEM5_t1Q14__bin.17.fa	https://s3-eu-west-1.amazonaws.com/sgb-genomes/data/eggnog/4874.tsv	https://s3-eu-west-1.amazonaws.com/sgb-genomes/data/uniref/90/4874/AsnicarF_2017__MV_FEM5_t1Q14__bin.17.txt
AsnicarF_2017__MV_FEM5_t1Q14__bin.2	14313	No	AsnicarF_2017	MV_FEM5_t1Q14	2289322	69038	56	99.19	0.00	Clostridium sp	Clostridium	Clostridiaceae	Clostridiales	Clostridia	Firmicutes	Bacteria	Clostridium sp	Clostridium	Clostridiaceae	Clostridiales	Clostridia	Firmicutes	Bacteria	0.02	https://s3-eu-west-1.amazonaws.com/sgb-genomes/data/genomes/14313/AsnicarF_2017__MV_FEM5_t1Q14__bin.2.fa	https://s3-eu-west-1.amazonaws.com/sgb-genomes/data/eggnog/14313.tsv	https://s3-eu-west-1.amazonaws.com/sgb-genomes/data/uniref/90/14313/AsnicarF_2017__MV_FEM5_t1Q14__bin.2.txt
AsnicarF_2017__MV_FEM5_t1Q14__bin.23	4644	No	AsnicarF_2017	MV_FEM5_t1Q14	1561340	2967	545	57.39	0.28	Clostridium sp	Clostridium	Clostridiaceae	Clostridiales	Clostridia	Firmicutes	Bacteria	Clostridium sp	Clostridium	Clostridiaceae	Clostridiales	Clostridia	Firmicutes	Bacteria	0.02	https://s3-eu-west-1.amazonaws.com/sgb-genomes/data/genomes/4644/AsnicarF_2017__MV_FEM5_t1Q14__bin.23.fa	https://s3-eu-west-1.amazonaws.com/sgb-genomes/data/eggnog/4644.tsv	https://s3-eu-west-1.amazonaws.com/sgb-genomes/data/uniref/90/4644/AsnicarF_2017__MV_FEM5_t1Q14__bin.23.txt
AsnicarF_2017__MV_FEM5_t1Q14__bin.24	5090	No	AsnicarF_2017	MV_FEM5_t1Q14	2740693	3751	800	68.29	4.55	Clostridiales bacterium	Clostridiales unclassified	Clostridiales unclassified	Clostridiales	Clostridia	Firmicutes	Bacteria	Lachnoclostridium sp	Lachnoclostridium	Lachnospiraceae	Clostridiales	Clostridia	Firmicutes	Bacteria	0.03	https://s3-eu-west-1.amazonaws.com/sgb-genomes/data/genomes/5090/AsnicarF_2017__MV_FEM5_t1Q14__bin.24.fa	https://s3-eu-west-1.amazonaws.com/sgb-genomes/data/eggnog/5090.tsv	https://s3-eu-west-1.amazonaws.com/sgb-genomes/data/uniref/90/5090/AsnicarF_2017__MV_FEM5_t1Q14__bin.24.txt
AsnicarF_2017__MV_FEM5_t1Q14__bin.29	9226	No	AsnicarF_2017	MV_FEM5_t1Q14	1569705	3072	520	63.57	0.23	Akkermansia muciniphila	Akkermansia	Akkermansiaceae	Verrucomicrobiales	Verrucomicrobiae	Verrucomicrobia	Bacteria	Akkermansia muciniphila	Akkermansia	Akkermansiaceae	Verrucomicrobiales	Verrucomicrobiae	Verrucomicrobia	Bacteria	0.01	https://s3-eu-west-1.amazonaws.com/sgb-genomes/data/genomes/9226/AsnicarF_2017__MV_FEM5_t1Q14__bin.29.fa	https://s3-eu-west-1.amazonaws.com/sgb-genomes/data/eggnog/9226.tsv	https://s3-eu-west-1.amazonaws.com/sgb-genomes/data/uniref/90/9226/AsnicarF_2017__MV_FEM5_t1Q14__bin.29.txt
AsnicarF_2017__MV_FEM5_t1Q14__bin.31	5117	No	AsnicarF_2017	MV_FEM5_t1Q14	2895211	182435	24	99.33	0.00	Coprococcus eutactus	Coprococcus	Lachnospiraceae	Clostridiales	Clostridia	Firmicutes	Bacteria	Coprococcus sp	Coprococcus	Lachnospiraceae	Clostridiales	Clostridia	Firmicutes	Bacteria	0.02	https://s3-eu-west-1.amazonaws.com/sgb-genomes/data/genomes/5117/AsnicarF_2017__MV_FEM5_t1Q14__bin.31.fa	https://s3-eu-west-1.amazonaws.com/sgb-genomes/data/eggnog/5117.tsv	https://s3-eu-west-1.amazonaws.com/sgb-genomes/data/uniref/90/5117/AsnicarF_2017__MV_FEM5_t1Q14__bin.31.txt
AsnicarF_2017__MV_FEM5_t1Q14__bin.38	4933	No	AsnicarF_2017	MV_FEM5_t1Q14	3253140	46683	168	99.52	1.13	Eubacterium rectale	Lachnospiraceae unclassified	Lachnospiraceae	Clostridiales	Clostridia	Firmicutes	Bacteria	Eubacterium rectale	Eubacterium	Eubacteriaceae	Clostridiales	Clostridia	Firmicutes	Bacteria	0.03	https://s3-eu-west-1.amazonaws.com/sgb-genomes/data/genomes/4933/AsnicarF_2017__MV_FEM5_t1Q14__bin.38.fa	https://s3-eu-west-1.amazonaws.com/sgb-genomes/data/eggnog/4933.tsv	https://s3-eu-west-1.amazonaws.com/sgb-genomes/data/uniref/90/4933/AsnicarF_2017__MV_FEM5_t1Q14__bin.38.txt
AsnicarF_2017__MV_FEM5_t1Q14__bin.4	14861	Yes	AsnicarF_2017	MV_FEM5_t1Q14	1924743	7365	336	88.65	1.34	N/A	N/A	N/A	N/A	N/A	N/A	N/A	Firmicutes bacterium	Firmicutes unclassified	Firmicutes unclassified	Firmicutes unclassified	Firmicutes unclassified	Firmicutes	Bacteria	0.21	https://s3-eu-west-1.amazonaws.com/sgb-genomes/data/genomes/14861/AsnicarF_2017__MV_FEM5_t1Q14__bin.4.fa	https://s3-eu-west-1.amazonaws.com/sgb-genomes/data/eggnog/14861.tsv	https://s3-eu-west-1.amazonaws.com/sgb-genomes/data/uniref/90/14861/AsnicarF_2017__MV_FEM5_t1Q14__bin.4.txt
AsnicarF_2017__MV_FEM5_t1Q14__bin.42	4373	No	AsnicarF_2017	MV_FEM5_t1Q14	2076207	10107	290	89.71	0.89	Ruminococcus sp	Ruminococcus	Ruminococcaceae	Clostridiales	Clostridia	Firmicutes	Bacteria	Ruminococcus sp	Ruminococcus	Ruminococcaceae	Clostridiales	Clostridia	Firmicutes	Bacteria	0.02	https://s3-eu-west-1.amazonaws.com/sgb-genomes/data/genomes/4373/AsnicarF_2017__MV_FEM5_t1Q14__bin.42.fa	https://s3-eu-west-1.amazonaws.com/sgb-genomes/data/eggnog/4373.tsv	https://s3-eu-west-1.amazonaws.com/sgb-genomes/data/uniref/90/4373/AsnicarF_2017__MV_FEM5_t1Q14__bin.42.txt
AsnicarF_2017__MV_FEM5_t1Q14__bin.43	15333	No	AsnicarF_2017	MV_FEM5_t1Q14	2102291	15096	214	87.71	1.53	Faecalibacterium prausnitzii	Faecalibacterium	Ruminococcaceae	Clostridiales	Clostridia	Firmicutes	Bacteria	Faecalibacterium prausnitzii	Faecalibacterium	Ruminococcaceae	Clostridiales	Clostridia	Firmicutes	Bacteria	0.04	https://s3-eu-west-1.amazonaws.com/sgb-genomes/data/genomes/15333/AsnicarF_2017__MV_FEM5_t1Q14__bin.43.fa	https://s3-eu-west-1.amazonaws.com/sgb-genomes/data/eggnog/15333.tsv	https://s3-eu-west-1.amazonaws.com/sgb-genomes/data/uniref/90/15333/AsnicarF_2017__MV_FEM5_t1Q14__bin.43.txt
AsnicarF_2017__MV_FEM5_t1Q14__bin.46	5825	No	AsnicarF_2017	MV_FEM5_t1Q14	1235452	48003	38	55.70	0.63	Dialister invisus	Dialister	Veillonellaceae	Veillonellales	Negativicutes	Firmicutes	Bacteria	Dialister invisus	Dialister	Veillonellaceae	Veillonellales	Negativicutes	Firmicutes	Bacteria	0.03	https://s3-eu-west-1.amazonaws.com/sgb-genomes/data/genomes/5825/AsnicarF_2017__MV_FEM5_t1Q14__bin.46.fa	https://s3-eu-west-1.amazonaws.com/sgb-genomes/data/eggnog/5825.tsv	https://s3-eu-west-1.amazonaws.com/sgb-genomes/data/uniref/90/5825/AsnicarF_2017__MV_FEM5_t1Q14__bin.46.txt
AsnicarF_2017__MV_FEM5_t1Q14__bin.5	4425	No	AsnicarF_2017	MV_FEM5_t1Q14	1388917	4434	379	69.55	0.00	Ruminococcus sp	Ruminococcus	Ruminococcaceae	Clostridiales	Clostridia	Firmicutes	Bacteria	Ruminococcus sp	Ruminococcus	Ruminococcaceae	Clostridiales	Clostridia	Firmicutes	Bacteria	0.03	https://s3-eu-west-1.amazonaws.com/sgb-genomes/data/genomes/4425/AsnicarF_2017__MV_FEM5_t1Q14__bin.5.fa	https://s3-eu-west-1.amazonaws.com/sgb-genomes/data/eggnog/4425.tsv	https://s3-eu-west-1.amazonaws.com/sgb-genomes/data/uniref/90/4425/AsnicarF_2017__MV_FEM5_t1Q14__bin.5.txt
AsnicarF_2017__MV_FEM5_t3Q15__bin.11	5082	No	AsnicarF_2017	MV_FEM5_t3Q15	1436749	2794	527	50.63	1.11	Eubacterium eligens	Eubacterium	Eubacteriaceae	Clostridiales	Clostridia	Firmicutes	Bacteria	Eubacterium eligens	Eubacterium	Eubacteriaceae	Clostridiales	Clostridia	Firmicutes	Bacteria	0.02	https://s3-eu-west-1.amazonaws.com/sgb-genomes/data/genomes/5082/AsnicarF_2017__MV_FEM5_t3Q15__bin.11.fa	https://s3-eu-west-1.amazonaws.com/sgb-genomes/data/eggnog/5082.tsv	https://s3-eu-west-1.amazonaws.com/sgb-genomes/data/uniref/90/5082/AsnicarF_2017__MV_FEM5_t3Q15__bin.11.txt
AsnicarF_2017__MV_FEM5_t3Q15__bin.12	14313	No	AsnicarF_2017	MV_FEM5_t3Q15	1999366	9329	288	96.10	0.81	Clostridium sp	Clostridium	Clostridiaceae	Clostridiales	Clostridia	Firmicutes	Bacteria	Clostridium sp	Clostridium	Clostridiaceae	Clostridiales	Clostridia	Firmicutes	Bacteria	0.02	https://s3-eu-west-1.amazonaws.com/sgb-genomes/data/genomes/14313/AsnicarF_2017__MV_FEM5_t3Q15__bin.12.fa	https://s3-eu-west-1.amazonaws.com/sgb-genomes/data/eggnog/14313.tsv	https://s3-eu-west-1.amazonaws.com/sgb-genomes/data/uniref/90/14313/AsnicarF_2017__MV_FEM5_t3Q15__bin.12.txt
AsnicarF_2017__MV_FEM5_t3Q15__bin.13	15286	Yes	AsnicarF_2017	MV_FEM5_t3Q15	1926971	3936	555	83.09	4.76	N/A	N/A	Ruminococcaceae	Clostridiales	Clostridia	Firmicutes	Bacteria	Gemmiger formicilis	Gemmiger	Ruminococcaceae	Clostridiales	Clostridia	Firmicutes	Bacteria	0.19	https://s3-eu-west-1.amazonaws.com/sgb-genomes/data/genomes/15286/AsnicarF_2017__MV_FEM5_t3Q15__bin.13.fa	https://s3-eu-west-1.amazonaws.com/sgb-genomes/data/eggnog/15286.tsv	https://s3-eu-west-1.amazonaws.com/sgb-genomes/data/uniref/90/15286/AsnicarF_2017__MV_FEM5_t3Q15__bin.13.txt
AsnicarF_2017__MV_FEM5_t3Q15__bin.15	2313	No	AsnicarF_2017	MV_FEM5_t3Q15	2541670	29920	134	92.63	2.08	Alistipes sp	Alistipes	Rikenellaceae	Bacteroidales	Bacteroidia	Bacteroidetes	Bacteria	Alistipes sp	Alistipes	Rikenellaceae	Bacteroidales	Bacteroidia	Bacteroidetes	Bacteria	0.02	https://s3-eu-west-1.amazonaws.com/sgb-genomes/data/genomes/2313/AsnicarF_2017__MV_FEM5_t3Q15__bin.15.fa	https://s3-eu-west-1.amazonaws.com/sgb-genomes/data/eggnog/2313.tsv	https://s3-eu-west-1.amazonaws.com/sgb-genomes/data/uniref/90/2313/AsnicarF_2017__MV_FEM5_t3Q15__bin.15.txt
AsnicarF_2017__MV_FEM5_t3Q15__bin.18	4933	No	AsnicarF_2017	MV_FEM5_t3Q15	2107679	8795	317	93.48	0.85	Eubacterium rectale	Lachnospiraceae unclassified	Lachnospiraceae	Clostridiales	Clostridia	Firmicutes	Bacteria	Eubacterium rectale	Eubacterium	Eubacteriaceae	Clostridiales	Clostridia	Firmicutes	Bacteria	0.03	https://s3-eu-west-1.amazonaws.com/sgb-genomes/data/genomes/4933/AsnicarF_2017__MV_FEM5_t3Q15__bin.18.fa	https://s3-eu-west-1.amazonaws.com/sgb-genomes/data/eggnog/4933.tsv	https://s3-eu-west-1.amazonaws.com/sgb-genomes/data/uniref/90/4933/AsnicarF_2017__MV_FEM5_t3Q15__bin.18.txt
AsnicarF_2017__MV_FEM5_t3Q15__bin.22	6806	No	AsnicarF_2017	MV_FEM5_t3Q15	2846530	8129	484	94.88	3.13	Holdemanella biformis	Holdemanella	Erysipelotrichaceae	Erysipelotrichales	Erysipelotrichia	Firmicutes	Bacteria	Holdemanella biformis	Holdemanella	Erysipelotrichaceae	Erysipelotrichales	Erysipelotrichia	Firmicutes	Bacteria	0.04	https://s3-eu-west-1.amazonaws.com/sgb-genomes/data/genomes/6806/AsnicarF_2017__MV_FEM5_t3Q15__bin.22.fa	https://s3-eu-west-1.amazonaws.com/sgb-genomes/data/eggnog/6806.tsv	https://s3-eu-west-1.amazonaws.com/sgb-genomes/data/uniref/90/6806/AsnicarF_2017__MV_FEM5_t3Q15__bin.22.txt
AsnicarF_2017__MV_FEM5_t3Q15__bin.24	13976	No	AsnicarF_2017	MV_FEM5_t3Q15	1118174	4137	305	70.78	1.30	Clostridium sp	Clostridium	Clostridiaceae	Clostridiales	Clostridia	Firmicutes	Bacteria	Clostridium sp	Clostridium	Clostridiaceae	Clostridiales	Clostridia	Firmicutes	Bacteria	0.03	https://s3-eu-west-1.amazonaws.com/sgb-genomes/data/genomes/13976/AsnicarF_2017__MV_FEM5_t3Q15__bin.24.fa	https://s3-eu-west-1.amazonaws.com/sgb-genomes/data/eggnog/13976.tsv	https://s3-eu-west-1.amazonaws.com/sgb-genomes/data/uniref/90/13976/AsnicarF_2017__MV_FEM5_t3Q15__bin.24.txt
AsnicarF_2017__MV_FEM5_t3Q15__bin.28	4422	No	AsnicarF_2017	MV_FEM5_t3Q15	1465699	3402	470	66.55	0.36	Ruminococcus callidus	Ruminococcus	Ruminococcaceae	Clostridiales	Clostridia	Firmicutes	Bacteria	Ruminococcus callidus	Ruminococcus	Ruminococcaceae	Clostridiales	Clostridia	Firmicutes	Bacteria	0.03	https://s3-eu-west-1.amazonaws.com/sgb-genomes/data/genomes/4422/AsnicarF_2017__MV_FEM5_t3Q15__bin.28.fa	https://s3-eu-west-1.amazonaws.com/sgb-genomes/data/eggnog/4422.tsv	https://s3-eu-west-1.amazonaws.com/sgb-genomes/data/uniref/90/4422/AsnicarF_2017__MV_FEM5_t3Q15__bin.28.txt
AsnicarF_2017__MV_FEM5_t3Q15__bin.3	1899	No	AsnicarF_2017	MV_FEM5_t3Q15	3781323	20149	305	95.07	0.56	Bacteroides plebeius	Bacteroides	Bacteroidaceae	Bacteroidales	Bacteroidia	Bacteroidetes	Bacteria	Bacteroides plebeius	Bacteroides	Bacteroidaceae	Bacteroidales	Bacteroidia	Bacteroidetes	Bacteria	0.04	https://s3-eu-west-1.amazonaws.com/sgb-genomes/data/genomes/1899/AsnicarF_2017__MV_FEM5_t3Q15__bin.3.fa	https://s3-eu-west-1.amazonaws.com/sgb-genomes/data/eggnog/1899.tsv	https://s3-eu-west-1.amazonaws.com/sgb-genomes/data/uniref/90/1899/AsnicarF_2017__MV_FEM5_t3Q15__bin.3.txt
AsnicarF_2017__MV_FEM5_t3Q15__bin.31	5117	No	AsnicarF_2017	MV_FEM5_t3Q15	2775713	65409	71	99.33	0.22	Coprococcus eutactus	Coprococcus	Lachnospiraceae	Clostridiales	Clostridia	Firmicutes	Bacteria	Coprococcus sp	Coprococcus	Lachnospiraceae	Clostridiales	Clostridia	Firmicutes	Bacteria	0.02	https://s3-eu-west-1.amazonaws.com/sgb-genomes/data/genomes/5117/AsnicarF_2017__MV_FEM5_t3Q15__bin.31.fa	https://s3-eu-west-1.amazonaws.com/sgb-genomes/data/eggnog/5117.tsv	https://s3-eu-west-1.amazonaws.com/sgb-genomes/data/uniref/90/5117/AsnicarF_2017__MV_FEM5_t3Q15__bin.31.txt
AsnicarF_2017__MV_FEM5_t3Q15__bin.32	1626	No	AsnicarF_2017	MV_FEM5_t3Q15	3248872	12787	350	93.66	2.26	Prevotella copri	Prevotella	Prevotellaceae	Bacteroidales	Bacteroidia	Bacteroidetes	Bacteria	Prevotella copri	Prevotella	Prevotellaceae	Bacteroidales	Bacteroidia	Bacteroidetes	Bacteria	0.03	https://s3-eu-west-1.amazonaws.com/sgb-genomes/data/genomes/1626/AsnicarF_2017__MV_FEM5_t3Q15__bin.32.fa	https://s3-eu-west-1.amazonaws.com/sgb-genomes/data/eggnog/1626.tsv	https://s3-eu-west-1.amazonaws.com/sgb-genomes/data/uniref/90/1626/AsnicarF_2017__MV_FEM5_t3Q15__bin.32.txt
AsnicarF_2017__MV_FEM5_t3Q15__bin.33	1949	No	AsnicarF_2017	MV_FEM5_t3Q15	3532729	3749	1032	74.27	2.46	Parabacteroides merdae	Parabacteroides	Tannerellaceae	Bacteroidales	Bacteroidia	Bacteroidetes	Bacteria	Parabacteroides merdae	Parabacteroides	Tannerellaceae	Bacteroidales	Bacteroidia	Bacteroidetes	Bacteria	0.01	https://s3-eu-west-1.amazonaws.com/sgb-genomes/data/genomes/1949/AsnicarF_2017__MV_FEM5_t3Q15__bin.33.fa	https://s3-eu-west-1.amazonaws.com/sgb-genomes/data/eggnog/1949.tsv	https://s3-eu-west-1.amazonaws.com/sgb-genomes/data/uniref/90/1949/AsnicarF_2017__MV_FEM5_t3Q15__bin.33.txt
AsnicarF_2017__MV_FEM5_t3Q15__bin.34	14332	No	AsnicarF_2017	MV_FEM5_t3Q15	1112593	3282	368	61.60	2.62	Eggerthella sp	Eggerthella	Eggerthellaceae	Eggerthellales	Coriobacteriia	Actinobacteria	Bacteria	Eggerthella sp	Eggerthella	Eggerthellaceae	Eggerthellales	Coriobacteriia	Actinobacteria	Bacteria	0.03	https://s3-eu-west-1.amazonaws.com/sgb-genomes/data/genomes/14332/AsnicarF_2017__MV_FEM5_t3Q15__bin.34.fa	https://s3-eu-west-1.amazonaws.com/sgb-genomes/data/eggnog/14332.tsv	https://s3-eu-west-1.amazonaws.com/sgb-genomes/data/uniref/90/14332/AsnicarF_2017__MV_FEM5_t3Q15__bin.34.txt
AsnicarF_2017__MV_FEM5_t3Q15__bin.36	9226	No	AsnicarF_2017	MV_FEM5_t3Q15	2671938	26843	150	97.96	0.00	Akkermansia muciniphila	Akkermansia	Akkermansiaceae	Verrucomicrobiales	Verrucomicrobiae	Verrucomicrobia	Bacteria	Akkermansia muciniphila	Akkermansia	Akkermansiaceae	Verrucomicrobiales	Verrucomicrobiae	Verrucomicrobia	Bacteria	0.01	https://s3-eu-west-1.amazonaws.com/sgb-genomes/data/genomes/9226/AsnicarF_2017__MV_FEM5_t3Q15__bin.36.fa	https://s3-eu-west-1.amazonaws.com/sgb-genomes/data/eggnog/9226.tsv	https://s3-eu-west-1.amazonaws.com/sgb-genomes/data/uniref/90/9226/AsnicarF_2017__MV_FEM5_t3Q15__bin.36.txt
AsnicarF_2017__MV_FEM5_t3Q15__bin.38	4285	No	AsnicarF_2017	MV_FEM5_t3Q15	2053390	12667	239	95.69	1.01	Ruminococcus bromii	Ruminococcus	Ruminococcaceae	Clostridiales	Clostridia	Firmicutes	Bacteria	Ruminococcus sp	Ruminococcus	Ruminococcaceae	Clostridiales	Clostridia	Firmicutes	Bacteria	0.02	https://s3-eu-west-1.amazonaws.com/sgb-genomes/data/genomes/4285/AsnicarF_2017__MV_FEM5_t3Q15__bin.38.fa	https://s3-eu-west-1.amazonaws.com/sgb-genomes/data/eggnog/4285.tsv	https://s3-eu-west-1.amazonaws.com/sgb-genomes/data/uniref/90/4285/AsnicarF_2017__MV_FEM5_t3Q15__bin.38.txt
AsnicarF_2017__MV_FEM5_t3Q15__bin.39	4280	No	AsnicarF_2017	MV_FEM5_t3Q15	1350573	3303	433	75.17	0.56	Ruminococcus sp	Blautia	Lachnospiraceae	Clostridiales	Clostridia	Firmicutes	Bacteria	Clostridium sp	Clostridium	Clostridiaceae	Clostridiales	Clostridia	Firmicutes	Bacteria	0.02	https://s3-eu-west-1.amazonaws.com/sgb-genomes/data/genomes/4280/AsnicarF_2017__MV_FEM5_t3Q15__bin.39.fa	https://s3-eu-west-1.amazonaws.com/sgb-genomes/data/eggnog/4280.tsv	https://s3-eu-west-1.amazonaws.com/sgb-genomes/data/uniref/90/4280/AsnicarF_2017__MV_FEM5_t3Q15__bin.39.txt
AsnicarF_2017__MV_FEM5_t3Q15__bin.4	4198	No	AsnicarF_2017	MV_FEM5_t3Q15	2561706	20546	193	97.48	0.00	Eubacterium siraeum	Ruminiclostridium	Ruminococcaceae	Clostridiales	Clostridia	Firmicutes	Bacteria	Eubacterium siraeum	Ruminiclostridium	Ruminococcaceae	Clostridiales	Clostridia	Firmicutes	Bacteria	0.02	https://s3-eu-west-1.amazonaws.com/sgb-genomes/data/genomes/4198/AsnicarF_2017__MV_FEM5_t3Q15__bin.4.fa	https://s3-eu-west-1.amazonaws.com/sgb-genomes/data/eggnog/4198.tsv	https://s3-eu-west-1.amazonaws.com/sgb-genomes/data/uniref/90/4198/AsnicarF_2017__MV_FEM5_t3Q15__bin.4.txt
